iso,cpu_c,load1,mem_mb,uptime_s,throttle_now,throttle_ever,sd_1min,sd_total,aussen_c,aussen_rh,keller_c,raum_a_c,raum_b_c
2026-07-29T18:05:57,73.523,0.87646484375,630,162664,0,0,0,0,36.61,25.0,20.82,30.7,29.8
2026-07-29T18:06:34,72.549,1.6865234375,636,162704,0,0,0,0,36.61,24.0,20.82,30.7,29.8
2026-07-29T18:07:11,72.062,1.611328125,642,162735,0,0,0,0,36.61,24.0,20.82,30.7,29.8
2026-07-29T18:07:49,72.062,2.099609375,652,162775,0,0,0,0,36.61,24.0,20.82,30.7,29.8
2026-07-29T18:08:29,73.523,2.4013671875,629,162816,0,0,0,0,36.61,24.0,20.82,30.7,29.8
2026-07-29T18:09:06,72.062,1.71337890625,625,162856,0,0,0,0,36.61,24.0,20.82,30.7,29.8
2026-07-29T18:09:44,71.575,1.28759765625,619,162887,0,0,0,0,36.61,25.0,20.82,30.7,29.8
2026-07-29T18:10:21,73.523,1.04248046875,645,162927,0,0,0,0,36.67,25.0,20.82,30.7,29.8
2026-07-29T18:10:58,73.523,1.6318359375,629,162968,0,0,0,0,36.61,25.0,20.83,30.7,29.8
2026-07-29T18:11:36,72.062,1.20361328125,635,162998,0,0,0,0,36.61,24.0,20.83,30.7,29.8
2026-07-29T18:12:13,72.062,0.7490234375,618,163039,0,0,0,0,36.61,24.0,20.83,30.7,29.8
2026-07-29T18:12:50,73.523,1.06982421875,631,163079,0,0,0,0,36.56,24.0,20.82,30.7,29.8
2026-07-29T18:13:27,71.575,1.5517578125,639,163120,0,0,0,0,36.56,24.0,20.82,30.7,29.8
2026-07-29T18:14:05,71.575,1.06396484375,628,163150,0,0,0,0,36.5,24.0,20.84,30.7,29.8
2026-07-29T18:14:42,71.088,0.67041015625,615,163191,0,0,0,0,36.5,24.0,20.84,30.7,29.8
2026-07-29T18:15:19,73.523,1.89208984375,642,163231,0,0,0,0,36.44,24.0,20.84,30.7,29.8
2026-07-29T18:15:57,71.575,1.3876953125,622,163262,0,0,0,0,36.44,24.0,20.83,30.7,29.8
2026-07-29T18:16:34,72.549,0.875,618,163302,0,0,0,0,36.44,24.0,20.83,30.7,29.8
2026-07-29T18:17:11,73.036,1.2353515625,624,163343,0,0,0,0,36.39,25.0,20.82,30.7,29.8
2026-07-29T18:17:49,73.036,1.68505859375,620,163373,0,0,0,0,36.33,25.0,20.83,30.7,29.8
2026-07-29T18:18:26,71.088,1.0859375,621,163414,0,0,0,0,36.28,24.0,20.83,30.7,29.8
2026-07-29T18:19:03,71.575,0.734375,627,163454,0,0,0,0,36.28,24.0,20.83,30.7,29.8
2026-07-29T18:19:40,73.523,0.9423828125,634,163485,0,0,0,0,36.22,24.0,20.85,30.7,29.8
2026-07-29T18:20:18,72.549,1.36767578125,640,163525,0,0,0,0,36.17,25.0,20.85,30.7,29.8
2026-07-29T18:20:55,71.575,0.81298828125,618,163566,0,0,0,0,36.11,25.0,20.85,30.7,29.8
2026-07-29T18:21:32,70.601,0.74609375,614,163596,0,0,0,0,36.11,26.0,20.85,30.92,29.8
2026-07-29T18:22:10,73.523,1.52734375,623,163637,0,0,0,0,36.06,26.0,20.85,30.92,29.88
2026-07-29T18:22:47,71.088,1.06689453125,636,163677,0,0,0,0,36.06,27.0,20.85,30.92,29.88
2026-07-29T18:23:24,70.601,0.78857421875,624,163707,0,0,0,0,36.0,25.0,20.85,30.92,29.88
2026-07-29T18:24:01,73.523,1.07080078125,630,163748,0,0,0,0,35.94,25.0,20.84,30.92,29.88
2026-07-29T18:24:39,71.575,1.50439453125,626,163789,0,0,0,0,35.89,26.0,20.84,30.92,29.88
2026-07-29T18:25:16,71.088,0.978515625,629,163819,0,0,0,0,35.89,25.0,20.85,30.92,29.88
2026-07-29T18:25:53,71.088,0.685546875,622,163860,0,0,0,0,35.83,25.0,20.85,30.83,29.88
2026-07-29T18:26:30,73.523,1.51953125,630,163900,0,0,0,0,35.83,25.0,20.85,30.83,29.88
2026-07-29T18:27:08,71.088,1.412109375,644,163930,0,0,0,0,35.78,25.0,20.85,30.83,29.88
2026-07-29T18:27:45,71.575,1.41162109375,617,163971,0,0,0,0,35.72,27.0,20.84,30.83,29.88
2026-07-29T18:28:22,72.549,1.462890625,627,164011,0,0,0,0,35.72,26.0,20.84,30.83,29.88
2026-07-29T18:29:00,74.01,1.98193359375,642,164052,0,0,0,0,35.67,26.0,20.86,30.83,29.88
2026-07-29T18:29:37,72.062,1.45751953125,639,164082,0,0,0,0,35.61,26.0,20.86,30.83,29.88
2026-07-29T18:30:14,70.601,0.80810546875,620,164123,0,0,0,0,35.61,25.0,20.85,30.83,29.88
2026-07-29T18:30:51,72.549,1.5517578125,633,164164,0,0,0,0,35.56,27.0,20.85,30.83,29.88
2026-07-29T18:31:29,72.549,1.38525390625,627,164194,0,0,0,0,35.56,27.0,20.85,30.83,29.88
2026-07-29T18:32:06,72.549,1.0322265625,638,164234,0,0,0,0,35.5,27.0,20.86,30.83,29.88
2026-07-29T18:32:43,72.062,0.646484375,643,164275,0,0,0,0,35.44,27.0,20.85,30.83,29.88
2026-07-29T18:33:21,73.523,1.05712890625,629,164305,0,0,0,0,35.39,26.0,20.85,30.83,29.88
2026-07-29T18:33:58,72.062,1.013671875,632,164346,0,0,0,0,35.33,26.0,20.86,30.83,29.88
2026-07-29T18:34:35,71.088,0.86474609375,625,164386,0,0,0,0,35.28,26.0,20.86,30.83,29.88
2026-07-29T18:35:12,73.036,0.82080078125,630,164417,0,0,0,0,35.28,27.0,20.85,30.83,29.88
2026-07-29T18:35:50,71.088,1.234375,632,164457,0,0,0,0,35.22,27.0,20.85,30.83,29.88
2026-07-29T18:36:27,72.549,0.79931640625,630,164498,0,0,0,0,35.17,27.0,20.85,30.83,29.88
2026-07-29T18:37:04,71.088,0.677734375,618,164528,0,0,0,0,35.17,26.0,20.86,30.83,29.88
2026-07-29T18:37:42,73.523,1.18408203125,635,164569,0,0,0,0,35.11,26.0,20.85,30.83,29.88
2026-07-29T18:38:19,71.575,1.47412109375,642,164609,0,0,0,0,35.11,26.0,20.85,30.83,29.88
2026-07-29T18:38:56,72.062,0.89208984375,632,164640,0,0,0,0,35.06,26.0,20.87,30.83,29.88
2026-07-29T18:39:33,72.062,0.5009765625,642,164680,0,0,0,0,35.06,26.0,20.87,30.83,29.88
2026-07-29T18:40:11,75.471,1.6650390625,637,164721,0,0,0,0,35.0,26.0,20.86,30.83,29.88
2026-07-29T18:40:48,71.575,1.35546875,636,164751,0,0,0,0,34.94,26.0,20.87,30.83,29.88
2026-07-29T18:41:25,71.575,0.86474609375,621,164792,0,0,0,0,34.94,26.0,20.87,30.83,29.88
2026-07-29T18:42:03,72.549,1.10302734375,635,164832,0,0,0,0,34.94,28.0,20.87,30.83,29.88
2026-07-29T18:42:40,72.549,1.4375,639,164863,0,0,0,0,34.89,28.0,20.87,30.83,29.88
2026-07-29T18:43:17,72.062,0.9697265625,627,164903,0,0,0,0,34.89,26.0,20.87,30.83,29.88
2026-07-29T18:43:54,72.549,0.6279296875,624,164944,0,0,0,0,34.83,26.0,20.87,30.83,29.88
2026-07-29T18:44:32,74.01,1.5927734375,638,164984,0,0,0,0,34.83,27.0,20.87,30.83,29.88
2026-07-29T18:45:09,73.036,1.234375,644,165015,0,0,0,0,34.83,27.0,20.87,30.83,30.06
2026-07-29T18:45:46,71.575,0.84619140625,628,165055,0,0,0,0,34.78,27.0,20.87,30.83,30.06
2026-07-29T18:46:24,73.523,1.0146484375,636,165096,0,0,0,0,34.78,27.0,20.87,30.83,30.06
2026-07-29T18:47:01,74.01,1.6455078125,629,165126,0,0,0,0,34.72,27.0,20.87,30.83,30.06
2026-07-29T18:47:38,71.575,1.08642578125,621,165167,0,0,0,0,34.72,27.0,20.87,30.83,30.06
2026-07-29T18:48:15,72.062,1.169921875,625,165207,0,0,0,0,34.67,26.0,20.87,30.83,30.06
2026-07-29T18:48:53,72.549,1.798828125,632,165237,0,0,0,0,34.67,27.0,20.86,30.83,30.06
2026-07-29T18:49:30,71.088,2.27685546875,625,165278,0,0,0,0,34.67,27.0,20.86,30.83,30.06
2026-07-29T18:50:07,71.575,1.642578125,624,165319,0,0,0,0,34.61,27.0,20.87,30.83,30.06
2026-07-29T18:50:45,72.062,1.20458984375,623,165349,0,0,0,0,34.61,27.0,20.87,30.83,30.06
2026-07-29T18:51:22,73.523,1.97607421875,638,165390,0,0,0,0,34.56,27.0,20.87,30.83,30.06
2026-07-29T18:51:59,72.549,1.2216796875,647,165430,0,0,0,0,34.56,27.0,20.87,30.83,30.06
2026-07-29T18:52:36,72.062,0.81982421875,633,165460,0,0,0,0,34.5,28.0,20.87,30.83,30.06
2026-07-29T18:53:14,74.497,0.65380859375,634,165501,0,0,0,0,34.5,27.0,20.88,30.83,30.06
2026-07-29T18:53:51,72.062,1.5283203125,641,165541,0,0,0,0,34.44,28.0,20.87,30.83,30.06
2026-07-29T18:54:28,72.062,1.111328125,632,165572,0,0,0,0,34.44,28.0,20.87,30.83,30.06
2026-07-29T18:55:05,72.062,0.6259765625,646,165612,0,0,0,0,34.44,26.0,20.88,30.83,30.08
2026-07-29T18:55:43,73.036,1.5048828125,642,165653,0,0,0,0,34.39,27.0,20.88,30.83,30.08
2026-07-29T18:56:20,73.523,1.3564453125,621,165683,0,0,0,0,34.39,27.0,20.88,30.83,30.08
2026-07-29T18:56:57,71.575,0.9482421875,622,165724,0,0,0,0,34.33,27.0,20.88,30.83,30.08
2026-07-29T18:57:35,72.549,0.8330078125,651,165764,0,0,0,0,34.33,27.0,20.88,30.83,30.08
2026-07-29T18:58:12,73.523,1.21435546875,636,165795,0,0,0,0,34.33,27.0,20.88,30.83,30.08
2026-07-29T18:58:49,71.575,1.17236328125,645,165835,0,0,0,0,34.28,27.0,20.88,30.83,30.08
2026-07-29T18:59:26,72.549,0.79248046875,624,165876,0,0,0,0,34.28,27.0,20.88,30.83,30.08
2026-07-29T19:00:04,73.523,0.71435546875,638,165906,0,0,0,0,34.28,27.0,20.88,30.83,30.08
2026-07-29T19:00:41,72.549,1.267578125,626,165947,0,0,0,0,34.22,28.0,20.88,30.83,30.08
2026-07-29T19:01:18,72.549,0.7626953125,636,165988,0,0,0,0,34.22,28.0,20.88,30.83,30.08
2026-07-29T19:01:56,72.549,0.6044921875,624,166028,0,0,0,0,34.22,29.0,20.88,30.83,30.08
2026-07-29T19:02:33,72.549,1.02294921875,642,166059,0,0,0,0,34.22,30.0,20.88,30.83,30.08
2026-07-29T19:03:10,72.549,1.24560546875,642,166099,0,0,0,0,34.17,30.0,20.88,30.83,30.08
2026-07-29T19:03:47,71.575,0.7705078125,625,166140,0,0,0,0,34.17,28.0,20.88,30.83,30.08
2026-07-29T19:04:25,71.575,0.80322265625,645,166170,0,0,0,0,34.17,29.0,20.88,30.83,30.08
2026-07-29T19:05:02,73.036,1.5986328125,648,166211,0,0,0,0,34.11,30.0,20.88,30.83,30.08
2026-07-29T19:05:39,73.036,1.0859375,636,166251,0,0,0,0,34.06,30.0,20.88,30.83,30.08
2026-07-29T19:06:17,72.062,0.7099609375,626,166281,0,0,0,0,34.06,30.0,20.88,30.83,30.08
2026-07-29T19:06:54,72.549,1.029296875,632,166322,0,0,0,0,34.0,29.0,20.88,30.83,30.08
2026-07-29T19:07:31,71.575,1.275390625,647,166363,0,0,0,0,34.0,30.0,20.88,30.83,30.08
2026-07-29T19:08:08,73.523,0.9052734375,636,166393,0,0,0,0,33.94,30.0,20.88,30.83,30.08
2026-07-29T19:08:46,71.088,0.67626953125,625,166433,0,0,0,0,33.94,29.0,20.89,30.83,30.08
2026-07-29T19:09:23,73.523,2.42529296875,636,166474,0,0,0,0,33.89,28.0,20.89,30.83,30.08
2026-07-29T19:10:00,71.575,2.10888671875,631,166504,0,0,0,0,33.83,28.0,20.88,30.83,30.08
2026-07-29T19:10:38,73.523,1.9580078125,630,166545,0,0,0,0,33.83,29.0,20.88,30.83,30.08
2026-07-29T19:11:15,72.549,2.05810546875,637,166585,0,0,0,0,33.83,28.0,20.89,30.83,30.08
2026-07-29T19:11:52,72.549,2.72998046875,650,166616,0,0,0,0,33.78,29.0,20.88,30.83,30.08
2026-07-29T19:12:29,73.036,2.10888671875,636,166656,0,0,0,0,33.78,29.0,20.88,30.83,30.08
2026-07-29T19:13:07,71.575,1.5390625,627,166697,0,0,0,0,33.78,30.0,20.89,30.83,30.08
2026-07-29T19:13:44,74.01,1.6162109375,640,166727,0,0,0,0,33.72,30.0,20.89,30.83,30.08
2026-07-29T19:14:21,73.523,1.84375,636,166768,0,0,0,0,33.72,30.0,20.89,30.83,30.08
2026-07-29T19:14:59,72.549,1.14501953125,628,166808,0,0,0,0,33.72,30.0,20.89,30.83,30.08
2026-07-29T19:15:36,72.062,1.5478515625,631,166849,0,0,0,0,33.67,29.0,20.89,31.1,30.08
2026-07-29T19:16:13,74.01,2.22509765625,638,166879,0,0,0,0,33.67,30.0,20.9,31.1,30.08
2026-07-29T19:16:51,72.549,1.34033203125,644,166920,0,0,0,0,33.61,30.0,20.89,31.1,30.08
2026-07-29T19:17:28,72.549,0.845703125,641,166960,0,0,0,0,33.61,28.0,20.89,31.1,30.08
2026-07-29T19:18:05,74.497,0.99169921875,638,166991,0,0,0,0,33.61,28.0,20.89,31.1,30.08
2026-07-29T19:18:42,72.062,1.69384765625,626,167031,0,0,0,0,33.61,29.0,20.89,31.1,30.08
2026-07-29T19:19:20,72.062,0.94091796875,625,167072,0,0,0,0,33.56,29.0,20.89,31.1,30.08
2026-07-29T19:19:57,72.549,0.71142578125,633,167102,0,0,0,0,33.56,29.0,20.9,31.1,30.08
2026-07-29T19:20:34,74.497,1.6240234375,650,167143,0,0,0,0,33.56,29.0,20.9,31.1,30.08
2026-07-29T19:21:12,74.01,1.34814453125,638,167183,0,0,0,0,33.56,29.0,20.9,31.1,30.08
2026-07-29T19:21:49,73.523,0.96337890625,622,167214,0,0,0,0,33.56,29.0,20.89,31.1,30.08
2026-07-29T19:22:26,74.01,0.6962890625,636,167254,0,0,0,0,33.5,29.0,20.89,31.1,30.08
2026-07-29T19:23:04,73.523,1.50537109375,650,167295,0,0,0,0,33.44,29.0,20.9,31.1,30.08
2026-07-29T19:23:41,72.549,1.08837890625,640,167325,0,0,0,0,33.44,29.0,20.91,31.1,30.08
2026-07-29T19:24:18,71.575,0.87353515625,639,167366,0,0,0,0,33.44,29.0,20.91,31.1,30.08
2026-07-29T19:24:55,74.497,1.443359375,656,167406,0,0,0,0,33.39,29.0,20.89,31.1,30.08
2026-07-29T19:25:33,73.036,1.23486328125,630,167437,0,0,0,0,33.33,28.0,20.89,31.1,30.08
2026-07-29T19:26:10,72.062,0.93994140625,633,167477,0,0,0,0,33.33,28.0,20.9,31.1,30.08
2026-07-29T19:26:47,73.523,0.7080078125,644,167518,0,0,0,0,33.28,29.0,20.91,31.1,30.08
2026-07-29T19:27:24,73.523,1.11376953125,645,167548,0,0,0,0,33.28,30.0,20.91,31.1,30.08
2026-07-29T19:28:02,73.036,1.1015625,638,167589,0,0,0,0,33.28,29.0,20.91,31.1,30.08
2026-07-29T19:28:39,70.601,0.849609375,626,167629,0,0,0,0,33.22,29.0,20.91,31.1,30.08
2026-07-29T19:29:16,73.523,0.90478515625,641,167660,0,0,0,0,33.22,29.0,20.9,31.1,30.08
2026-07-29T19:29:54,73.036,1.5830078125,638,167700,0,0,0,0,33.22,30.0,20.9,31.1,30.08
2026-07-29T19:30:31,73.523,1.67578125,650,167741,0,0,0,0,33.17,30.0,20.9,31.1,30.08
2026-07-29T19:31:08,71.088,1.779296875,646,167771,0,0,0,0,33.17,30.0,20.91,31.1,30.08
2026-07-29T19:31:45,74.497,2.6083984375,635,167812,0,0,0,0,33.11,30.0,20.9,31.1,30.08
2026-07-29T19:32:23,72.549,2.10888671875,634,167852,0,0,0,0,33.11,30.0,20.9,31.1,30.08
2026-07-29T19:33:00,72.062,1.5791015625,631,167883,0,0,0,0,33.06,30.0,20.91,31.1,30.08
2026-07-29T19:33:37,73.523,0.95654296875,639,167923,0,0,0,0,33.06,29.0,20.91,31.1,30.08
2026-07-29T19:34:15,74.01,1.705078125,642,167964,0,0,0,0,33.06,30.0,20.91,31.1,30.08
2026-07-29T19:34:52,71.088,0.99169921875,640,168004,0,0,0,0,33.0,31.0,20.91,31.1,30.08
2026-07-29T19:35:29,72.062,0.60009765625,624,168035,0,0,0,0,33.0,31.0,20.91,31.1,30.08
2026-07-29T19:36:06,73.036,0.94189453125,650,168075,0,0,0,0,32.94,30.0,20.91,31.1,30.08
2026-07-29T19:36:44,73.036,1.16650390625,653,168116,0,0,0,0,32.94,31.0,20.91,31.1,30.08
2026-07-29T19:37:21,71.575,0.8203125,639,168146,0,0,0,0,32.94,31.0,20.91,31.1,30.29
2026-07-29T19:37:58,71.088,0.75,624,168187,0,0,0,0,32.89,30.0,20.91,31.1,30.29
2026-07-29T19:38:36,73.523,1.55078125,636,168227,0,0,0,0,32.89,31.0,20.91,31.1,30.29
2026-07-29T19:39:13,72.549,1.25830078125,638,168258,0,0,0,0,32.83,30.0,20.91,31.1,30.29
2026-07-29T19:39:50,71.575,0.94921875,646,168298,0,0,0,0,32.83,30.0,20.92,31.1,30.29
2026-07-29T19:40:27,74.497,1.1005859375,644,168339,0,0,0,0,32.83,30.0,20.92,31.1,30.29
2026-07-29T19:41:05,74.497,1.4169921875,642,168369,0,0,0,0,32.78,29.0,20.92,31.1,30.29
2026-07-29T19:41:42,72.549,0.97998046875,635,168410,0,0,0,0,32.78,31.0,20.91,31.1,30.29
2026-07-29T19:42:19,72.062,0.8740234375,642,168450,0,0,0,0,32.72,31.0,20.91,31.1,30.29
2026-07-29T19:42:56,73.523,0.9248046875,645,168481,0,0,0,0,32.72,29.0,20.92,31.1,30.29
2026-07-29T19:43:34,72.549,1.25048828125,647,168521,0,0,0,0,32.72,30.0,20.92,31.1,30.29
2026-07-29T19:44:11,72.062,0.6923828125,635,168562,0,0,0,0,32.67,30.0,20.92,31.1,30.29
2026-07-29T19:44:48,72.062,0.67041015625,624,168592,0,0,0,0,32.67,31.0,20.92,31.1,30.29
2026-07-29T19:45:26,73.523,1.5078125,640,168633,0,0,0,0,32.67,31.0,20.92,31.1,30.29
2026-07-29T19:46:03,72.549,0.97607421875,662,168673,0,0,0,0,32.61,30.0,20.92,31.1,30.29
2026-07-29T19:46:40,71.575,0.73779296875,642,168704,0,0,0,0,32.61,30.0,20.92,31.1,30.29
2026-07-29T19:47:18,73.036,0.8056640625,649,168744,0,0,0,0,32.56,30.0,20.92,31.1,30.29
2026-07-29T19:47:55,72.549,1.46484375,634,168785,0,0,0,0,32.56,30.0,20.92,31.1,30.29
2026-07-29T19:48:32,71.575,1.0810546875,640,168815,0,0,0,0,32.56,30.0,20.92,31.1,30.29
2026-07-29T19:49:09,72.062,0.66845703125,643,168856,0,0,0,0,32.5,31.0,20.93,31.1,30.29
2026-07-29T19:49:47,74.01,1.61474609375,646,168896,0,0,0,0,32.5,30.0,20.93,31.1,30.29
2026-07-29T19:50:24,72.062,1.53515625,636,168937,0,0,0,0,32.5,31.0,20.93,31.1,30.29
2026-07-29T19:51:01,72.062,1.3232421875,632,168967,0,0,0,0,32.5,31.0,20.92,31.1,30.29
2026-07-29T19:51:39,72.549,2.10888671875,642,169007,0,0,0,0,32.44,31.0,20.92,31.1,30.29
2026-07-29T19:52:16,73.036,2.38232421875,653,169048,0,0,0,0,32.44,31.0,20.92,31.1,30.29
2026-07-29T19:52:53,72.062,2.29931640625,658,169079,0,0,0,0,32.39,31.0,20.92,31.1,30.29
2026-07-29T19:53:30,71.575,1.4248046875,626,169119,0,0,0,0,32.39,31.0,20.92,31.1,30.29
2026-07-29T19:54:08,73.523,2.5419921875,638,169160,0,0,0,0,32.33,31.0,20.93,31.1,30.29
2026-07-29T19:54:45,72.549,2.14404296875,629,169190,0,0,0,0,32.33,31.0,20.93,31.1,30.29
2026-07-29T19:55:22,71.575,1.6826171875,638,169231,0,0,0,0,32.33,31.0,20.93,31.1,30.29
2026-07-29T19:56:00,72.549,1.78125,644,169271,0,0,0,0,32.28,31.0,20.93,31.1,30.29
2026-07-29T19:56:37,73.523,1.84619140625,638,169302,0,0,0,0,32.28,31.0,20.93,31.1,30.29
2026-07-29T19:57:14,72.549,1.58154296875,639,169342,0,0,0,0,32.28,32.0,20.94,31.1,30.29
2026-07-29T19:57:52,70.601,1.23681640625,627,169383,0,0,0,0,32.22,32.0,20.93,31.1,30.29
2026-07-29T19:58:29,73.036,1.80712890625,633,169413,0,0,0,0,32.22,31.0,20.93,31.1,30.29
2026-07-29T19:59:06,72.549,1.916015625,651,169454,0,0,0,0,32.17,32.0,20.93,31.1,30.29
2026-07-29T19:59:44,72.549,1.294921875,634,169494,0,0,0,0,32.17,31.0,20.94,31.1,30.29
2026-07-29T20:00:21,70.601,0.85791015625,630,169524,0,0,0,0,32.17,31.0,20.94,31.1,30.29
2026-07-29T20:00:58,73.523,1.83544921875,633,169565,0,0,0,0,32.11,32.0,20.94,31.1,30.29
2026-07-29T20:01:35,73.036,1.431640625,646,169605,0,0,0,0,32.11,32.0,20.94,31.1,30.29
2026-07-29T20:02:13,73.036,0.9404296875,647,169636,0,0,0,0,32.06,32.0,20.94,31.1,30.29
2026-07-29T20:02:50,72.549,0.83203125,653,169676,0,0,0,0,32.06,32.0,20.94,31.1,30.29
2026-07-29T20:03:27,73.036,1.81591796875,642,169717,0,0,0,0,32.0,32.0,20.94,31.1,30.29
2026-07-29T20:04:04,71.088,1.271484375,632,169747,0,0,0,0,32.0,32.0,20.93,31.1,30.29
2026-07-29T20:04:42,71.575,0.7080078125,636,169788,0,0,0,0,32.0,32.0,20.94,31.1,30.29
2026-07-29T20:05:19,74.497,1.55029296875,634,169828,0,0,0,0,31.94,32.0,20.94,31.1,30.29
2026-07-29T20:05:56,72.549,1.29248046875,636,169869,0,0,0,0,31.94,32.0,20.94,31.1,30.29
2026-07-29T20:06:34,72.062,0.9814453125,638,169899,0,0,0,0,31.89,32.0,20.94,31.1,30.29
2026-07-29T20:07:11,72.549,0.56982421875,630,169940,0,0,0,0,31.89,32.0,20.94,31.1,30.29
2026-07-29T20:07:48,73.523,1.298828125,641,169980,0,0,0,0,31.89,32.0,20.95,31.1,30.29
2026-07-29T20:08:26,71.575,1.26318359375,645,170011,0,0,0,0,31.83,32.0,20.95,31.1,30.29
2026-07-29T20:09:03,71.088,1.02099609375,646,170051,0,0,0,0,31.83,33.0,20.95,31.1,30.29
2026-07-29T20:09:40,73.523,0.95654296875,642,170092,0,0,0,0,31.83,33.0,20.95,31.1,30.29
2026-07-29T20:10:17,73.036,1.35595703125,640,170122,0,0,0,0,31.78,33.0,20.95,31.1,30.29
2026-07-29T20:10:55,72.549,0.857421875,639,170163,0,0,0,0,31.78,33.0,20.94,31.1,30.29
2026-07-29T20:11:32,72.062,0.99169921875,641,170203,0,0,0,0,31.72,33.0,20.94,31.1,30.29
2026-07-29T20:12:09,74.497,1.728515625,637,170234,0,0,0,0,31.72,33.0,20.94,31.1,30.29
2026-07-29T20:12:47,72.062,2.388671875,638,170274,0,0,0,0,31.67,33.0,20.95,31.1,30.29
2026-07-29T20:13:24,72.062,2.1298828125,634,170315,0,0,0,0,31.61,33.0,20.95,31.1,30.29
2026-07-29T20:14:01,72.062,1.59228515625,632,170345,0,0,0,0,31.61,33.0,20.95,31.1,30.29
2026-07-29T20:14:38,74.01,2.09765625,644,170385,0,0,0,0,31.56,33.0,20.95,31.1,30.29
2026-07-29T20:15:16,72.062,1.2724609375,654,170426,0,0,0,0,31.56,33.0,20.94,31.1,30.29
2026-07-29T20:15:53,72.062,0.77001953125,648,170456,0,0,0,0,31.56,33.0,20.95,31.18,30.29
2026-07-29T20:16:30,72.549,1.15283203125,636,170497,0,0,0,0,31.5,33.0,20.95,31.18,30.29
2026-07-29T20:17:08,71.575,1.755859375,643,170537,0,0,0,0,31.44,34.0,20.94,31.18,30.29
2026-07-29T20:17:45,72.549,1.11572265625,647,170568,0,0,0,0,31.44,34.0,20.96,31.18,30.29
2026-07-29T20:18:22,71.575,0.6240234375,651,170608,0,0,0,0,31.39,34.0,20.96,31.18,30.29
2026-07-29T20:18:59,73.523,1.52490234375,635,170649,0,0,0,0,31.33,34.0,20.95,31.18,30.29
2026-07-29T20:19:37,72.062,1.357421875,646,170689,0,0,0,0,31.33,35.0,20.95,31.18,30.29
2026-07-29T20:20:14,71.575,0.99951171875,647,170719,0,0,0,0,31.33,35.0,20.95,31.18,30.29
2026-07-29T20:20:51,72.549,1.10400390625,665,170760,0,0,0,0,31.28,35.0,20.95,31.18,30.29
2026-07-29T20:21:28,73.523,1.53271484375,665,170800,0,0,0,0,31.28,34.0,20.95,31.18,30.29
2026-07-29T20:22:06,73.036,1.05908203125,660,170831,0,0,0,0,31.22,33.0,20.96,31.18,30.29
2026-07-29T20:22:43,71.575,0.71337890625,637,170871,0,0,0,0,31.17,34.0,20.95,31.18,30.29
2026-07-29T20:23:20,74.01,1.142578125,654,170912,0,0,0,0,31.17,34.0,20.95,31.18,30.29
2026-07-29T20:23:58,73.036,1.310546875,650,170942,0,0,0,0,31.17,34.0,20.96,31.18,30.29
2026-07-29T20:24:35,73.036,0.86669921875,647,170983,0,0,0,0,31.11,34.0,20.96,31.18,30.29
2026-07-29T20:25:12,72.062,0.75537109375,636,171023,0,0,0,0,31.11,34.0,20.96,31.18,30.29
2026-07-29T20:25:50,73.036,1.52783203125,647,171054,0,0,0,0,31.06,34.0,20.96,31.18,30.29
2026-07-29T20:26:27,73.036,1.09619140625,645,171094,0,0,0,0,31.06,35.0,20.96,31.18,30.29
2026-07-29T20:27:04,72.549,0.685546875,642,171135,0,0,0,0,31.06,35.0,20.97,31.18,30.29
2026-07-29T20:27:41,74.01,0.7001953125,644,171165,0,0,0,0,31.0,35.0,20.97,31.18,30.29
2026-07-29T20:28:19,73.523,1.8896484375,663,171206,0,0,0,0,30.94,35.0,20.96,31.18,30.29
2026-07-29T20:28:56,73.036,1.11572265625,645,171246,0,0,0,0,30.94,35.0,20.97,31.18,30.29
2026-07-29T20:29:33,71.088,0.7431640625,634,171276,0,0,0,0,30.89,35.0,20.97,31.18,30.29
2026-07-29T20:30:10,73.523,1.79638671875,651,171317,0,0,0,0,30.89,35.0,20.97,31.18,30.29
2026-07-29T20:30:48,73.036,1.32421875,664,171357,0,0,0,0,30.83,35.0,20.97,31.18,30.29
2026-07-29T20:31:25,72.549,0.7587890625,648,171398,0,0,0,0,30.83,35.0,20.97,31.18,30.29
2026-07-29T20:32:02,72.062,0.521484375,646,171428,0,0,0,0,30.78,35.0,20.97,31.18,30.29
2026-07-29T20:32:40,74.01,2.12255859375,657,171469,0,0,0,0,30.78,35.0,20.97,31.18,30.29
2026-07-29T20:33:17,73.036,2.36328125,659,171509,0,0,0,0,30.72,36.0,20.97,31.18,30.29
2026-07-29T20:33:54,71.088,2.5791015625,648,171540,0,0,0,0,30.72,36.0,20.97,31.18,30.29
2026-07-29T20:34:32,73.523,2.189453125,651,171580,0,0,0,0,30.67,36.0,20.97,31.18,30.29
2026-07-29T20:35:09,72.549,1.9775390625,640,171621,0,0,0,0,30.61,36.0,20.98,31.18,30.29
2026-07-29T20:35:46,70.601,1.31787109375,652,171651,0,0,0,0,30.61,36.0,20.97,31.18,30.29
2026-07-29T20:36:23,72.549,0.9990234375,646,171692,0,0,0,0,30.56,36.0,20.97,31.18,30.29
2026-07-29T20:37:01,73.036,1.59716796875,661,171732,0,0,0,0,30.56,36.0,20.97,31.18,30.29
2026-07-29T20:37:38,73.523,1.2451171875,666,171763,0,0,0,0,30.5,36.0,20.97,31.18,30.46
2026-07-29T20:38:15,72.062,0.875,648,171803,0,0,0,0,30.44,36.0,20.98,31.18,30.46
2026-07-29T20:38:53,74.01,0.76220703125,654,171844,0,0,0,0,30.44,36.0,20.99,31.18,30.46
2026-07-29T20:39:30,74.01,1.32470703125,650,171874,0,0,0,0,30.39,36.0,20.99,31.18,30.46
2026-07-29T20:40:07,72.062,0.77978515625,666,171915,0,0,0,0,30.33,36.0,20.98,31.18,30.46
2026-07-29T20:40:44,72.062,0.5244140625,661,171955,0,0,0,0,30.33,36.0,20.98,31.18,30.46
2026-07-29T20:41:22,72.549,1.28125,654,171986,0,0,0,0,30.28,36.0,20.98,31.18,30.46
2026-07-29T20:41:59,71.575,1.4990234375,644,172026,0,0,0,0,30.22,37.0,20.99,31.18,30.46
2026-07-29T20:42:36,73.523,0.93603515625,648,172067,0,0,0,0,30.22,37.0,20.99,31.18,30.46
2026-07-29T20:43:14,71.575,0.62744140625,651,172097,0,0,0,0,30.17,37.0,20.98,31.18,30.46
2026-07-29T20:43:51,74.01,1.6181640625,655,172138,0,0,0,0,30.17,37.0,20.98,31.18,30.46
2026-07-29T20:44:28,71.088,1.16650390625,644,172178,0,0,0,0,30.11,37.0,20.98,31.18,30.46
2026-07-29T20:45:05,70.114,0.76318359375,643,172209,0,0,0,0,30.11,37.0,20.98,31.18,30.46
2026-07-29T20:45:43,72.549,1.09423828125,645,172249,0,0,0,0,30.06,37.0,20.98,31.18,30.46
2026-07-29T20:46:20,72.549,1.4833984375,655,172290,0,0,0,0,30.0,37.0,20.98,31.18,30.46
2026-07-29T20:46:57,71.575,1.0869140625,657,172320,0,0,0,0,30.0,37.0,20.98,31.18,30.46
2026-07-29T20:47:35,71.575,0.677734375,650,172361,0,0,0,0,29.94,37.0,20.98,31.18,30.46
2026-07-29T20:48:12,73.036,1.03759765625,645,172401,0,0,0,0,29.89,37.0,20.99,31.18,30.46
2026-07-29T20:48:49,72.062,1.3095703125,653,172442,0,0,0,0,29.89,37.0,20.99,31.18,30.46
2026-07-29T20:49:26,72.549,1.0732421875,651,172472,0,0,0,0,29.83,37.0,20.99,31.18,30.46
2026-07-29T20:50:04,73.036,0.91845703125,669,172513,0,0,0,0,29.78,38.0,20.98,31.18,30.46
2026-07-29T20:50:41,73.523,1.5869140625,650,172553,0,0,0,0,29.78,38.0,20.98,31.18,30.46
2026-07-29T20:51:18,71.088,1.0400390625,652,172584,0,0,0,0,29.72,38.0,20.99,31.18,30.46
2026-07-29T20:51:56,70.601,0.765625,646,172624,0,0,0,0,29.72,38.0,20.99,31.18,30.46
2026-07-29T20:52:33,72.549,0.88720703125,652,172665,0,0,0,0,29.67,38.0,20.99,31.18,30.46
2026-07-29T20:53:10,72.062,1.732421875,668,172695,0,0,0,0,29.67,38.0,20.99,31.18,30.46
2026-07-29T20:53:47,72.549,1.7880859375,644,172735,0,0,0,0,29.61,38.0,20.99,31.18,30.46
2026-07-29T20:54:25,72.062,2.2666015625,636,172776,0,0,0,0,29.56,38.0,20.99,31.18,30.46
2026-07-29T20:55:02,73.036,2.8369140625,644,172806,0,0,0,0,29.56,38.0,20.99,31.18,30.46
2026-07-29T20:55:39,72.062,1.9462890625,670,172847,0,0,0,0,29.5,38.0,20.99,31.18,30.46
2026-07-29T20:56:17,73.036,1.671875,647,172887,0,0,0,0,29.44,38.0,20.99,31.18,30.46
2026-07-29T20:56:54,72.062,1.8291015625,659,172918,0,0,0,0,29.44,38.0,21.0,31.18,30.46
2026-07-29T20:57:31,73.523,2.24755859375,655,172958,0,0,0,0,29.39,38.0,21.0,31.18,30.46
2026-07-29T20:58:08,71.575,1.5009765625,658,172999,0,0,0,0,29.33,38.0,21.0,31.18,30.46
2026-07-29T20:58:46,70.601,1.041015625,643,173029,0,0,0,0,29.33,38.0,21.0,31.18,30.46
2026-07-29T20:59:23,72.062,1.9912109375,655,173070,0,0,0,0,29.33,38.0,21.0,31.18,30.46
2026-07-29T21:00:00,71.088,1.69970703125,642,173110,0,0,0,0,29.28,38.0,20.99,31.18,30.46
2026-07-29T21:00:37,72.549,1.09130859375,662,173141,0,0,0,0,29.22,39.0,20.99,31.18,30.46
2026-07-29T21:01:15,71.575,0.71826171875,650,173181,0,0,0,0,29.22,39.0,21.0,31.18,30.46
2026-07-29T21:01:52,73.523,1.5869140625,657,173222,0,0,0,0,29.17,39.0,21.01,31.18,30.46
2026-07-29T21:02:29,72.549,1.61376953125,665,173252,0,0,0,0,29.11,39.0,21.01,31.18,30.46
2026-07-29T21:03:07,72.062,0.94482421875,648,173293,0,0,0,0,29.11,39.0,21.0,31.18,30.46
2026-07-29T21:03:44,73.523,1.07177734375,643,173333,0,0,0,0,29.06,39.0,21.01,31.18,30.46
2026-07-29T21:04:21,72.062,1.396484375,655,173374,0,0,0,0,29.06,39.0,21.01,31.18,30.46
2026-07-29T21:04:59,71.088,1.02880859375,638,173404,0,0,0,0,29.0,39.0,21.0,31.18,30.46
2026-07-29T21:05:36,72.549,0.69091796875,648,173445,0,0,0,0,29.0,39.0,21.0,31.18,30.46
2026-07-29T21:06:13,72.549,1.2021484375,651,173485,0,0,0,0,28.94,39.0,21.0,31.18,30.46
2026-07-29T21:06:50,71.575,1.56298828125,655,173516,0,0,0,0,28.89,39.0,21.0,31.18,30.46
2026-07-29T21:07:28,71.575,1.03173828125,639,173556,0,0,0,0,28.89,40.0,21.0,31.18,30.46
2026-07-29T21:08:05,71.575,0.77294921875,660,173597,0,0,0,0,28.89,40.0,21.01,31.18,30.46
2026-07-29T21:08:42,72.062,1.2763671875,654,173627,0,0,0,0,28.83,40.0,21.01,31.18,30.46
2026-07-29T21:09:20,73.523,0.8935546875,662,173668,0,0,0,0,28.78,40.0,21.01,31.18,30.46
2026-07-29T21:09:57,71.575,0.748046875,645,173708,0,0,0,0,28.78,40.0,21.01,31.18,30.46
2026-07-29T21:10:34,72.062,1.26953125,663,173739,0,0,0,0,28.72,40.0,21.01,31.18,30.46
2026-07-29T21:11:11,71.088,1.39697265625,657,173779,0,0,0,0,28.72,40.0,21.01,31.18,30.46
2026-07-29T21:11:49,72.062,0.7958984375,656,173820,0,0,0,0,28.67,40.0,21.02,31.18,30.46
2026-07-29T21:12:26,71.088,0.62451171875,656,173850,0,0,0,0,28.61,40.0,21.02,31.18,30.46
2026-07-29T21:13:03,73.036,1.45263671875,644,173890,0,0,0,0,28.61,40.0,21.01,31.18,30.46
2026-07-29T21:13:41,72.062,0.98291015625,658,173931,0,0,0,0,28.56,41.0,21.01,31.18,30.46
2026-07-29T21:14:18,71.088,1.025390625,652,173961,0,0,0,0,28.56,41.0,21.02,31.18,30.46
2026-07-29T21:14:55,72.549,1.25537109375,662,174002,0,0,0,0,28.56,41.0,21.01,31.18,30.46
2026-07-29T21:15:32,72.062,2.2529296875,668,174042,0,0,0,0,28.5,41.0,21.01,30.83,30.46
2026-07-29T21:16:10,71.575,1.7060546875,677,174073,0,0,0,0,28.5,41.0,21.02,30.83,30.46
2026-07-29T21:16:47,70.601,1.03369140625,641,174113,0,0,0,0,28.44,41.0,21.02,30.83,30.46
2026-07-29T21:17:24,72.549,1.4677734375,655,174154,0,0,0,0,28.44,41.0,21.02,30.83,30.46
2026-07-29T21:18:02,72.062,1.5380859375,658,174194,0,0,0,0,28.39,41.0,21.02,30.83,30.46
2026-07-29T21:18:39,71.575,1.11376953125,643,174225,0,0,0,0,28.33,42.0,21.02,30.83,30.46
2026-07-29T21:19:16,70.601,0.81005859375,637,174265,0,0,0,0,28.33,42.0,21.02,30.83,30.46
2026-07-29T21:19:53,73.036,1.8818359375,649,174306,0,0,0,0,28.28,42.0,21.03,30.83,30.46
2026-07-29T21:20:31,72.062,1.35546875,648,174336,0,0,0,0,28.28,42.0,21.03,30.83,30.46
2026-07-29T21:21:08,72.062,0.9912109375,647,174377,0,0,0,0,28.22,42.0,21.03,30.83,30.46
2026-07-29T21:21:45,72.062,0.9033203125,646,174417,0,0,0,0,28.22,42.0,21.02,30.83,30.46
2026-07-29T21:22:23,73.036,1.49072265625,663,174448,0,0,0,0,28.17,42.0,21.02,30.83,30.46
2026-07-29T21:23:00,72.062,0.986328125,647,174488,0,0,0,0,28.17,42.0,21.02,30.83,30.46
2026-07-29T21:23:37,70.601,0.7783203125,661,174528,0,0,0,0,28.11,42.0,21.02,30.83,30.46
2026-07-29T21:24:14,74.01,1.5029296875,656,174559,0,0,0,0,28.06,42.0,21.03,30.83,30.46
2026-07-29T21:24:52,72.062,1.07421875,655,174600,0,0,0,0,28.06,42.0,21.04,30.83,30.46
2026-07-29T21:25:29,71.575,0.62353515625,647,174640,0,0,0,0,28.06,42.0,21.04,30.83,30.46
2026-07-29T21:26:06,71.575,0.50830078125,652,174670,0,0,0,0,28.0,42.0,21.02,30.83,30.46
2026-07-29T21:26:44,73.036,1.61328125,662,174711,0,0,0,0,28.0,43.0,21.04,30.83,30.46
2026-07-29T21:27:21,71.575,1.0830078125,660,174751,0,0,0,0,27.94,43.0,21.04,30.83,30.46
2026-07-29T21:27:58,70.114,0.72314453125,650,174782,0,0,0,0,27.94,43.0,21.03,30.83,30.46
2026-07-29T21:28:35,72.062,0.73974609375,662,174822,0,0,0,0,27.89,43.0,21.03,30.83,30.46
2026-07-29T21:29:13,72.549,1.29638671875,656,174863,0,0,0,0,27.89,43.0,21.04,30.83,30.46
2026-07-29T21:29:50,72.062,0.92236328125,653,174893,0,0,0,0,27.83,43.0,21.04,30.83,30.46
2026-07-29T21:30:27,71.575,0.5517578125,658,174934,0,0,0,0,27.83,43.0,21.04,30.83,30.46
2026-07-29T21:31:04,74.01,1.0830078125,657,174974,0,0,0,0,27.78,43.0,21.04,30.83,30.46
2026-07-29T21:31:42,72.062,1.23193359375,668,175005,0,0,0,0,27.78,43.0,21.04,30.83,30.46
2026-07-29T21:32:19,72.062,0.78564453125,647,175045,0,0,0,0,27.72,43.0,21.05,30.83,30.46
2026-07-29T21:32:56,72.549,0.66943359375,659,175086,0,0,0,0,27.72,43.0,21.05,30.83,30.46
2026-07-29T21:33:34,72.549,1.2216796875,656,175126,0,0,0,0,27.72,43.0,21.05,30.83,30.46
2026-07-29T21:34:11,71.575,0.85986328125,664,175157,0,0,0,0,27.67,43.0,21.05,30.83,30.46
2026-07-29T21:34:48,70.601,1.193359375,660,175197,0,0,0,0,27.61,43.0,21.04,30.83,30.46
2026-07-29T21:35:25,72.549,1.86669921875,658,175238,0,0,0,0,27.61,43.0,21.04,30.83,30.46
2026-07-29T21:36:03,72.549,2.7578125,648,175268,0,0,0,0,27.56,43.0,21.05,30.83,30.46
2026-07-29T21:36:40,71.088,2.36083984375,659,175309,0,0,0,0,27.56,43.0,21.05,30.83,30.46
2026-07-29T21:37:17,72.062,1.5693359375,670,175349,0,0,0,0,27.56,43.0,21.05,30.83,30.46
2026-07-29T21:37:55,73.523,2.0283203125,653,175379,0,0,0,0,27.5,43.0,21.04,30.83,30.18
2026-07-29T21:38:32,72.062,1.35693359375,658,175420,0,0,0,0,27.5,43.0,21.04,30.83,30.18
2026-07-29T21:39:09,71.575,1.0986328125,648,175461,0,0,0,0,27.44,43.0,21.05,30.83,30.18
2026-07-29T21:39:46,71.575,1.54736328125,662,175491,0,0,0,0,27.44,43.0,21.05,30.83,30.18
2026-07-29T21:40:24,72.062,1.7021484375,667,175531,0,0,0,0,27.44,43.0,21.05,30.83,30.18
2026-07-29T21:41:01,71.575,0.92431640625,662,175572,0,0,0,0,27.39,43.0,21.05,30.83,30.18
2026-07-29T21:41:38,70.114,0.62158203125,675,175602,0,0,0,0,27.39,43.0,21.05,30.83,30.18
2026-07-29T21:42:16,73.036,1.15478515625,665,175643,0,0,0,0,27.33,43.0,21.04,30.83,30.18
2026-07-29T21:42:53,70.601,1.29541015625,670,175683,0,0,0,0,27.33,43.0,21.06,30.83,30.15
2026-07-29T21:43:30,71.088,0.97216796875,649,175714,0,0,0,0,27.28,43.0,21.06,30.83,30.15
2026-07-29T21:44:07,70.601,0.68603515625,669,175754,0,0,0,0,27.28,43.0,21.05,30.83,30.15
2026-07-29T21:44:45,73.523,1.97021484375,666,175795,0,0,0,0,27.28,43.0,21.05,30.83,30.15
2026-07-29T21:45:22,72.062,1.45556640625,656,175825,0,0,0,0,27.22,43.0,21.05,30.83,30.15
2026-07-29T21:45:59,70.601,0.826171875,643,175866,0,0,0,0,27.22,43.0,21.05,30.83,30.15
2026-07-29T21:46:36,72.549,0.84521484375,662,175906,0,0,0,0,27.22,43.0,21.05,30.83,30.15
2026-07-29T21:47:14,71.575,1.33251953125,667,175937,0,0,0,0,27.17,43.0,21.06,30.83,30.15
2026-07-29T21:47:51,71.575,1.05224609375,661,175977,0,0,0,0,27.17,43.0,21.05,30.83,30.15
2026-07-29T21:48:28,70.601,0.67529296875,658,176018,0,0,0,0,27.17,43.0,21.05,30.83,30.15
2026-07-29T21:49:06,73.036,1.52880859375,664,176048,0,0,0,0,27.11,43.0,21.06,30.83,30.15
2026-07-29T21:49:43,72.549,1.06005859375,664,176089,0,0,0,0,27.11,43.0,21.06,30.83,30.15
2026-07-29T21:50:20,72.062,0.9462890625,647,176129,0,0,0,0,27.11,43.0,21.05,30.83,30.15
2026-07-29T21:50:57,72.549,0.98193359375,663,176170,0,0,0,0,27.06,44.0,21.07,30.83,30.15
2026-07-29T21:51:35,73.036,1.67333984375,656,176200,0,0,0,0,27.06,44.0,21.07,30.83,30.15
2026-07-29T21:52:12,72.062,1.03955078125,655,176241,0,0,0,0,27.06,44.0,21.07,30.83,30.15
2026-07-29T21:52:49,70.601,0.80419921875,662,176281,0,0,0,0,27.06,44.0,21.07,30.83,30.15
2026-07-29T21:53:27,73.036,1.1484375,658,176312,0,0,0,0,27.0,44.0,21.07,30.83,30.15
2026-07-29T21:54:04,71.575,0.947265625,660,176352,0,0,0,0,27.0,44.0,21.06,30.52,30.15
2026-07-29T21:54:41,70.114,0.70458984375,647,176392,0,0,0,0,27.0,44.0,21.06,30.52,30.15
2026-07-29T21:55:18,71.575,0.6787109375,651,176423,0,0,0,0,26.94,44.0,21.06,30.52,30.15
2026-07-29T21:55:56,72.062,2.166015625,654,176463,0,0,0,0,26.94,44.0,21.07,30.52,30.15
2026-07-29T21:56:33,71.088,2.3974609375,670,176504,0,0,0,0,26.94,44.0,21.07,30.52,30.15
2026-07-29T21:57:10,71.575,2.21826171875,663,176534,0,0,0,0,26.89,44.0,21.06,30.52,30.15
2026-07-29T21:57:48,71.575,1.82568359375,656,176575,0,0,0,0,26.89,44.0,21.07,30.52,30.15
2026-07-29T21:58:25,71.575,2.28564453125,647,176615,0,0,0,0,26.89,44.0,21.07,30.52,30.15
2026-07-29T21:59:02,70.601,1.73876953125,655,176646,0,0,0,0,26.89,45.0,21.06,30.52,30.15
2026-07-29T21:59:39,72.062,1.02587890625,656,176686,0,0,0,0,26.83,44.0,21.06,30.52,30.15
2026-07-29T22:00:17,72.062,1.15185546875,661,176727,0,0,0,0,26.83,45.0,21.06,30.52,30.15
2026-07-29T22:00:54,72.062,1.583984375,669,176757,0,0,0,0,26.83,45.0,21.07,30.52,30.15
2026-07-29T22:01:31,70.114,0.97021484375,654,176797,0,0,0,0,26.78,45.0,21.07,30.52,30.15
2026-07-29T22:02:09,72.062,0.63427734375,685,176838,0,0,0,0,26.78,45.0,21.07,30.52,30.15
2026-07-29T22:02:46,72.062,1.74658203125,675,176879,0,0,0,0,26.78,45.0,21.07,30.52,30.15
2026-07-29T22:03:23,70.114,1.34130859375,678,176909,0,0,0,0,26.78,45.0,21.07,30.52,30.15
2026-07-29T22:04:00,71.088,0.92822265625,652,176949,0,0,0,0,26.72,45.0,21.06,30.52,30.15
2026-07-29T22:04:38,70.601,1.39697265625,656,176990,0,0,0,0,26.72,45.0,21.06,30.52,30.15
2026-07-29T22:05:15,71.088,1.6025390625,658,177020,0,0,0,0,26.67,45.0,21.07,30.52,30.15
2026-07-29T22:05:52,70.601,1.05517578125,662,177061,0,0,0,0,26.67,45.0,21.07,30.52,30.15
2026-07-29T22:06:29,71.088,0.779296875,654,177101,0,0,0,0,26.67,45.0,21.07,30.52,30.15
2026-07-29T22:07:07,72.062,1.30126953125,657,177132,0,0,0,0,26.61,45.0,21.07,30.52,30.15
2026-07-29T22:07:44,71.575,0.90185546875,659,177172,0,0,0,0,26.61,46.0,21.07,30.52,30.15
2026-07-29T22:08:21,70.114,0.654296875,660,177213,0,0,0,0,26.56,46.0,21.07,30.52,30.15
2026-07-29T22:08:59,73.523,0.8046875,665,177243,0,0,0,0,26.56,46.0,21.07,30.52,30.15
2026-07-29T22:09:36,72.062,1.4130859375,668,177284,0,0,0,0,26.56,46.0,21.07,30.46,30.15
2026-07-29T22:10:13,70.601,0.84423828125,654,177324,0,0,0,0,26.56,46.0,21.07,30.46,30.15
2026-07-29T22:10:50,70.601,0.728515625,647,177354,0,0,0,0,26.56,46.0,21.07,30.46,30.15
2026-07-29T22:11:28,72.549,0.9267578125,655,177395,0,0,0,0,26.56,46.0,21.07,30.46,30.15
2026-07-29T22:12:05,72.549,1.65625,684,177436,0,0,0,0,26.56,46.0,21.08,30.46,30.15
2026-07-29T22:12:42,70.601,1.0029296875,662,177466,0,0,0,0,26.56,46.0,21.08,30.46,30.15
2026-07-29T22:13:19,68.653,0.72021484375,646,177506,0,0,0,0,26.56,46.0,21.07,30.46,30.15
2026-07-29T22:13:57,72.062,1.50244140625,660,177547,0,0,0,0,26.56,46.0,21.07,30.46,30.15
2026-07-29T22:14:34,70.601,1.29052734375,656,177577,0,0,0,0,26.56,46.0,21.07,30.46,30.15
2026-07-29T22:15:11,70.114,0.86181640625,658,177618,0,0,0,0,26.56,46.0,21.07,30.46,30.15
2026-07-29T22:15:49,71.088,1.072265625,656,177658,0,0,0,0,26.56,46.0,21.07,30.46,30.15
2026-07-29T22:16:26,73.036,1.88916015625,675,177689,0,0,0,0,26.5,46.0,21.07,30.46,30.15
2026-07-29T22:17:03,71.088,1.7998046875,655,177729,0,0,0,0,26.5,46.0,21.08,30.46,30.01
2026-07-29T22:17:40,70.601,1.7783203125,652,177770,0,0,0,0,26.56,46.0,21.08,30.46,30.01
2026-07-29T22:18:18,72.549,2.50048828125,650,177810,0,0,0,0,26.5,47.0,21.07,30.46,30.01
2026-07-29T22:18:55,71.575,2.10888671875,660,177841,0,0,0,0,26.5,47.0,21.08,30.46,30.01
2026-07-29T22:19:32,71.088,1.3955078125,646,177881,0,0,0,0,26.5,46.0,21.08,30.46,30.01
2026-07-29T22:20:10,71.575,1.6708984375,655,177922,0,0,0,0,26.5,46.0,21.08,30.46,30.01
2026-07-29T22:20:47,73.036,2.01513671875,651,177952,0,0,0,0,26.5,46.0,21.08,30.46,30.01
2026-07-29T22:21:24,71.575,1.78759765625,672,177992,0,0,0,0,26.44,46.0,21.08,30.46,30.01
2026-07-29T22:22:01,71.088,1.85546875,656,178033,0,0,0,0,26.44,46.0,21.07,30.46,30.01
2026-07-29T22:22:39,72.062,1.9716796875,659,178063,0,0,0,0,26.44,46.0,21.07,30.46,30.01
2026-07-29T22:23:16,71.575,1.82568359375,658,178104,0,0,0,0,26.44,47.0,21.08,30.46,30.01
2026-07-29T22:23:53,70.601,1.43408203125,660,178144,0,0,0,0,26.39,47.0,21.07,30.46,30.01
2026-07-29T22:24:30,69.627,1.13037109375,647,178175,0,0,0,0,26.39,47.0,21.07,30.46,30.01
2026-07-29T22:25:08,72.062,1.62158203125,660,178215,0,0,0,0,26.39,46.0,21.08,30.46,30.01
2026-07-29T22:25:45,71.088,1.7724609375,655,178256,0,0,0,0,26.39,47.0,21.09,30.46,30.01
2026-07-29T22:26:22,70.114,1.193359375,652,178286,0,0,0,0,26.33,47.0,21.09,30.46,30.01
2026-07-29T22:27:00,71.575,0.8720703125,654,178327,0,0,0,0,26.33,46.0,21.08,30.46,30.01
2026-07-29T22:27:37,71.088,1.73583984375,672,178367,0,0,0,0,26.33,47.0,21.08,30.46,30.01
2026-07-29T22:28:14,70.601,1.25,666,178398,0,0,0,0,26.33,47.0,21.08,30.46,30.01
2026-07-29T22:28:51,70.114,0.7373046875,668,178438,0,0,0,0,26.28,47.0,21.08,30.46,30.01
2026-07-29T22:29:29,72.549,1.1748046875,659,178479,0,0,0,0,26.28,47.0,21.08,30.46,30.04
2026-07-29T22:30:06,70.601,1.19873046875,657,178509,0,0,0,0,26.28,47.0,21.08,30.46,30.04
2026-07-29T22:30:43,71.088,0.86572265625,658,178549,0,0,0,0,26.22,47.0,21.08,30.46,30.04
2026-07-29T22:31:21,71.088,0.8603515625,673,178590,0,0,0,0,26.22,47.0,21.08,30.46,30.04
2026-07-29T22:31:58,73.036,1.6435546875,658,178630,0,0,0,0,26.22,47.0,21.08,30.46,30.04
2026-07-29T22:32:35,70.114,0.9951171875,656,178661,0,0,0,0,26.17,47.0,21.08,30.46,30.04
2026-07-29T22:33:12,69.627,0.8134765625,654,178701,0,0,0,0,26.17,47.0,21.09,30.46,30.04
2026-07-29T22:33:50,73.036,1.3896484375,669,178742,0,0,0,0,26.17,47.0,21.08,30.46,30.04
2026-07-29T22:34:27,71.088,1.20849609375,675,178772,0,0,0,0,26.11,47.0,21.08,30.46,30.04
2026-07-29T22:35:04,71.575,0.71923828125,671,178813,0,0,0,0,26.11,47.0,21.09,30.46,30.04
2026-07-29T22:35:42,70.601,0.701171875,652,178853,0,0,0,0,26.11,47.0,21.09,30.46,30.04
2026-07-29T22:36:19,72.549,1.078125,659,178884,0,0,0,0,26.06,47.0,21.1,30.46,30.04
2026-07-29T22:36:56,71.575,1.18896484375,676,178924,0,0,0,0,26.06,47.0,21.09,30.46,30.04
2026-07-29T22:37:33,71.575,1.35888671875,658,178965,0,0,0,0,26.0,47.0,21.09,30.46,30.04
2026-07-29T22:38:11,72.062,1.7578125,674,178995,0,0,0,0,26.0,47.0,21.09,30.46,30.04
2026-07-29T22:38:48,72.549,2.884765625,658,179036,0,0,0,0,26.0,47.0,21.1,30.46,30.04
2026-07-29T22:39:25,70.601,2.3232421875,652,179076,0,0,0,0,25.94,48.0,21.1,30.46,30.04
2026-07-29T22:40:02,70.114,1.79443359375,657,179107,0,0,0,0,25.94,48.0,21.09,30.46,30.04
2026-07-29T22:40:40,71.575,2.75390625,665,179147,0,0,0,0,25.94,48.0,21.09,30.46,30.04
2026-07-29T22:41:17,72.549,2.5302734375,677,179188,0,0,0,0,25.94,48.0,21.11,30.46,30.04
2026-07-29T22:41:54,70.601,1.705078125,670,179218,0,0,0,0,25.89,48.0,21.1,30.46,30.04
2026-07-29T22:42:32,71.088,1.296875,660,179259,0,0,0,0,25.89,48.0,21.1,30.46,30.04
2026-07-29T22:43:09,72.062,2.1787109375,662,179299,0,0,0,0,25.89,48.0,21.09,30.46,30.04
2026-07-29T22:43:46,71.088,1.74462890625,666,179330,0,0,0,0,25.83,48.0,21.1,30.46,30.04
2026-07-29T22:44:24,70.601,1.1455078125,657,179370,0,0,0,0,25.83,48.0,21.1,30.46,30.04
2026-07-29T22:45:01,71.575,1.1533203125,660,179410,0,0,0,0,25.83,48.0,21.09,30.46,30.04
2026-07-29T22:45:38,71.088,1.3876953125,659,179451,0,0,0,0,25.78,48.0,21.09,30.46,30.04
2026-07-29T22:46:15,71.575,1.0498046875,665,179481,0,0,0,0,25.78,48.0,21.1,30.46,30.04
2026-07-29T22:46:53,70.114,0.86767578125,666,179522,0,0,0,0,25.78,48.0,21.1,30.46,30.04
2026-07-29T22:47:30,72.549,1.44287109375,661,179562,0,0,0,0,25.72,48.0,21.1,30.46,30.04
2026-07-29T22:48:07,72.062,1.43603515625,679,179593,0,0,0,0,25.72,49.0,21.1,30.46,30.04
2026-07-29T22:48:45,71.088,0.888671875,658,179633,0,0,0,0,25.67,49.0,21.1,30.46,30.04
2026-07-29T22:49:22,72.062,1.720703125,673,179674,0,0,0,0,25.67,49.0,21.1,30.46,30.04
2026-07-29T22:49:59,72.062,1.80322265625,669,179704,0,0,0,0,25.67,49.0,21.1,30.46,30.04
2026-07-29T22:50:37,71.088,1.1552734375,677,179745,0,0,0,0,25.67,49.0,21.1,30.46,30.04
2026-07-29T22:51:14,70.114,0.72509765625,656,179785,0,0,0,0,25.61,49.0,21.09,30.46,30.04
2026-07-29T22:51:51,72.549,0.84521484375,668,179815,0,0,0,0,25.61,49.0,21.1,30.46,30.04
2026-07-29T22:52:28,71.088,1.51416015625,665,179856,0,0,0,0,25.56,49.0,21.1,30.46,30.04
2026-07-29T22:53:06,71.575,0.99267578125,664,179897,0,0,0,0,25.56,49.0,21.1,30.46,30.04
2026-07-29T22:53:43,70.601,0.6005859375,666,179927,0,0,0,0,25.56,49.0,21.1,30.46,30.04
2026-07-29T22:54:20,73.036,1.3671875,664,179967,0,0,0,0,25.5,49.0,21.1,30.46,30.04
2026-07-29T22:54:58,72.062,1.36767578125,666,180008,0,0,0,0,25.5,49.0,21.1,30.46,30.04
2026-07-29T22:55:35,70.114,0.88525390625,653,180038,0,0,0,0,25.44,50.0,21.1,30.46,30.04
2026-07-29T22:56:12,73.036,0.73291015625,676,180079,0,0,0,0,25.44,50.0,21.1,30.46,30.04
2026-07-29T22:56:49,71.088,1.69384765625,683,180119,0,0,0,0,25.39,50.0,21.1,30.46,30.04
2026-07-29T22:57:27,71.088,1.265625,676,180150,0,0,0,0,25.39,50.0,21.1,30.46,30.04
2026-07-29T22:58:04,71.575,0.80322265625,648,180190,0,0,0,0,25.33,50.0,21.1,30.46,30.04
2026-07-29T22:58:41,72.062,1.83154296875,662,180231,0,0,0,0,25.33,50.0,21.1,30.46,30.04
2026-07-29T22:59:19,70.601,2.06201171875,673,180271,0,0,0,0,25.33,50.0,21.1,30.46,30.04
2026-07-29T22:59:56,70.601,1.990234375,661,180302,0,0,0,0,25.28,50.0,21.11,30.46,30.04
2026-07-29T23:00:33,72.062,1.68896484375,658,180342,0,0,0,0,25.28,50.0,21.11,30.46,30.04
2026-07-29T23:01:10,71.088,2.01318359375,656,180383,0,0,0,0,25.22,50.0,21.11,30.46,30.04
2026-07-29T23:01:48,70.114,1.333984375,669,180413,0,0,0,0,25.22,50.0,21.11,30.46,30.04
2026-07-29T23:02:25,71.088,0.92578125,657,180453,0,0,0,0,25.17,50.0,21.11,30.46,30.04
2026-07-29T23:03:02,71.088,1.6484375,659,180494,0,0,0,0,25.17,50.0,21.11,30.46,30.04
2026-07-29T23:03:40,71.575,1.37451171875,682,180524,0,0,0,0,25.11,51.0,21.11,30.46,30.04
2026-07-29T23:04:17,70.114,0.81884765625,658,180565,0,0,0,0,25.11,51.0,21.11,30.46,30.04
2026-07-29T23:04:54,71.088,0.67333984375,654,180605,0,0,0,0,25.06,51.0,21.1,30.46,30.04
2026-07-29T23:05:31,71.575,1.02392578125,652,180635,0,0,0,0,25.06,51.0,21.1,30.46,30.04
2026-07-29T23:06:09,71.575,1.4267578125,677,180676,0,0,0,0,25.0,51.0,21.11,30.46,30.04
2026-07-29T23:06:46,69.627,0.8046875,654,180716,0,0,0,0,25.0,51.0,21.11,30.46,30.04
2026-07-29T23:07:23,70.114,0.48681640625,659,180747,0,0,0,0,24.94,51.0,21.11,30.46,30.04
2026-07-29T23:08:01,72.549,1.47705078125,665,180787,0,0,0,0,24.94,51.0,21.11,30.46,30.04
2026-07-29T23:08:38,71.088,0.89404296875,683,180828,0,0,0,0,24.89,51.0,21.11,30.28,30.04
2026-07-29T23:09:15,70.601,0.748046875,652,180858,0,0,0,0,24.89,51.0,21.11,30.28,30.04
2026-07-29T23:09:52,72.549,0.86181640625,660,180899,0,0,0,0,24.83,51.0,21.11,30.28,30.04
2026-07-29T23:10:30,71.088,1.60693359375,651,180939,0,0,0,0,24.83,51.0,21.11,30.28,30.04
2026-07-29T23:11:07,71.575,1.013671875,661,180980,0,0,0,0,24.78,51.0,21.11,30.28,30.04
2026-07-29T23:11:44,70.601,0.6708984375,658,181010,0,0,0,0,24.78,51.0,21.11,30.28,30.04
2026-07-29T23:12:22,71.088,1.28564453125,661,181050,0,0,0,0,24.78,51.0,21.11,30.28,30.04
2026-07-29T23:12:59,70.601,1.01416015625,675,181091,0,0,0,0,24.72,51.0,21.11,30.28,30.04
2026-07-29T23:13:36,70.601,0.8134765625,651,181121,0,0,0,0,24.72,51.0,21.11,30.28,30.04
2026-07-29T23:14:13,72.549,1.2041015625,663,181162,0,0,0,0,24.67,51.0,21.11,30.28,30.04
2026-07-29T23:14:51,71.088,1.5556640625,672,181202,0,0,0,0,24.67,52.0,21.11,30.28,30.04
2026-07-29T23:15:28,70.601,1.07470703125,684,181233,0,0,0,0,24.61,52.0,21.11,30.28,30.04
2026-07-29T23:16:05,70.601,0.8037109375,672,181273,0,0,0,0,24.61,53.0,21.11,30.28,30.04
2026-07-29T23:16:42,72.062,1.24658203125,661,181314,0,0,0,0,24.61,53.0,21.11,30.28,30.04
2026-07-29T23:17:20,71.088,1.40283203125,659,181344,0,0,0,0,24.56,53.0,21.12,30.28,30.04
2026-07-29T23:17:57,69.627,0.90966796875,659,181384,0,0,0,0,24.56,52.0,21.11,30.28,30.04
2026-07-29T23:18:34,70.601,0.91552734375,681,181425,0,0,0,0,24.56,52.0,21.11,30.28,30.04
2026-07-29T23:19:12,71.575,1.61767578125,664,181455,0,0,0,0,24.5,52.0,21.12,30.28,30.04
2026-07-29T23:19:49,70.114,2.09033203125,666,181496,0,0,0,0,24.5,52.0,21.11,30.28,30.04
2026-07-29T23:20:26,71.088,1.8154296875,660,181536,0,0,0,0,24.5,52.0,21.11,30.24,30.04
2026-07-29T23:21:04,71.575,2.0380859375,668,181567,0,0,0,0,24.44,52.0,21.12,30.24,30.04
2026-07-29T23:21:41,71.575,2.0546875,687,181607,0,0,0,0,24.44,53.0,21.12,30.24,30.04
2026-07-29T23:22:18,71.088,1.13232421875,664,181647,0,0,0,0,24.44,53.0,21.12,30.24,30.04
2026-07-29T23:22:55,70.114,0.87109375,664,181688,0,0,0,0,24.39,53.0,21.12,30.24,30.04
2026-07-29T23:23:33,70.601,1.6796875,664,181718,0,0,0,0,24.39,53.0,21.12,30.24,30.04
2026-07-29T23:24:10,71.088,1.22265625,670,181759,0,0,0,0,24.33,53.0,21.12,30.24,30.04
2026-07-29T23:24:47,70.601,0.8173828125,668,181799,0,0,0,0,24.33,53.0,21.11,30.24,29.77
2026-07-29T23:25:25,70.601,0.763671875,676,181830,0,0,0,0,24.33,53.0,21.11,30.24,29.77
2026-07-29T23:26:02,71.088,1.859375,666,181870,0,0,0,0,24.33,53.0,21.12,30.24,29.77
2026-07-29T23:26:39,70.114,1.19384765625,660,181911,0,0,0,0,24.28,53.0,21.12,30.24,29.77
2026-07-29T23:27:16,69.627,0.802734375,659,181941,0,0,0,0,24.28,53.0,21.12,30.24,29.79
2026-07-29T23:27:54,71.575,1.64501953125,663,181981,0,0,0,0,24.28,53.0,21.12,30.24,29.79
2026-07-29T23:28:31,70.601,1.34228515625,660,182022,0,0,0,0,24.22,53.0,21.12,30.24,29.79
2026-07-29T23:29:08,70.114,1.0009765625,666,182052,0,0,0,0,24.22,53.0,21.12,30.24,29.79
2026-07-29T23:29:45,70.114,0.658203125,661,182093,0,0,0,0,24.22,53.0,21.12,30.24,29.79
2026-07-29T23:30:23,71.575,1.14404296875,662,182133,0,0,0,0,24.22,53.0,21.12,30.24,29.79
2026-07-29T23:31:00,71.088,1.076171875,670,182164,0,0,0,0,24.17,53.0,21.12,30.24,29.79
2026-07-29T23:31:37,71.088,0.78662109375,672,182204,0,0,0,0,24.17,53.0,21.12,30.24,29.79
2026-07-29T23:32:15,71.575,0.716796875,656,182245,0,0,0,0,24.17,53.0,21.12,30.24,29.79
2026-07-29T23:32:52,71.088,1.4384765625,658,182275,0,0,0,0,24.17,54.0,21.13,30.24,29.79
2026-07-29T23:33:29,69.627,0.88671875,673,182315,0,0,0,0,24.11,53.0,21.13,30.24,29.79
2026-07-29T23:34:06,69.627,0.65234375,676,182356,0,0,0,0,24.11,53.0,21.13,30.24,29.79
2026-07-29T23:34:44,72.062,1.193359375,667,182396,0,0,0,0,24.11,53.0,21.13,30.24,29.79
2026-07-29T23:35:21,70.114,1.3876953125,668,182427,0,0,0,0,24.11,54.0,21.13,30.24,29.79
2026-07-29T23:35:58,68.653,0.95751953125,657,182467,0,0,0,0,24.11,54.0,21.13,30.24,29.79
2026-07-29T23:36:36,71.088,0.81396484375,679,182508,0,0,0,0,24.11,54.0,21.13,30.24,29.79
2026-07-29T23:37:13,71.575,1.90966796875,664,182538,0,0,0,0,24.11,54.0,21.13,30.24,29.79
2026-07-29T23:37:50,69.627,1.275390625,682,182579,0,0,0,0,24.06,54.0,21.13,30.24,29.79
2026-07-29T23:38:27,68.653,0.75439453125,656,182619,0,0,0,0,24.06,54.0,21.13,30.24,29.79
2026-07-29T23:39:05,70.114,1.21240234375,662,182649,0,0,0,0,24.06,54.0,21.13,30.24,29.79
2026-07-29T23:39:42,70.114,2.14111328125,675,182690,0,0,0,0,24.06,54.0,21.13,30.24,29.79
2026-07-29T23:40:19,71.088,1.6484375,675,182730,0,0,0,0,24.0,54.0,21.14,30.24,29.79
2026-07-29T23:40:56,69.627,1.62255859375,682,182761,0,0,0,0,24.0,55.0,21.14,30.24,29.79
2026-07-29T23:41:34,71.088,2.29296875,658,182801,0,0,0,0,24.0,55.0,21.14,30.24,29.79
2026-07-29T23:42:11,70.601,1.671875,675,182842,0,0,0,0,24.0,55.0,21.13,30.24,29.79
2026-07-29T23:42:48,69.14,1.19482421875,662,182872,0,0,0,0,23.94,55.0,21.13,30.24,29.79
2026-07-29T23:43:26,70.114,1.09228515625,677,182913,0,0,0,0,23.94,55.0,21.13,30.24,29.79
2026-07-29T23:44:03,71.088,1.8349609375,682,182953,0,0,0,0,23.94,55.0,21.13,30.24,29.79
2026-07-29T23:44:40,69.627,1.349609375,697,182983,0,0,0,0,23.94,55.0,21.13,30.24,29.79
2026-07-29T23:45:17,69.14,0.9345703125,662,183024,0,0,0,0,23.94,55.0,21.13,30.24,29.79
2026-07-29T23:45:55,71.088,1.017578125,663,183064,0,0,0,0,23.89,55.0,21.13,30.24,29.79
2026-07-29T23:46:32,69.627,1.3798828125,671,183095,0,0,0,0,23.89,55.0,21.13,30.24,29.79
2026-07-29T23:47:09,70.601,0.8740234375,678,183135,0,0,0,0,23.83,56.0,21.13,30.24,29.79
2026-07-29T23:47:47,71.088,0.87744140625,658,183176,0,0,0,0,23.83,56.0,21.13,30.24,29.79
2026-07-29T23:48:24,71.088,1.4619140625,664,183216,0,0,0,0,23.83,56.0,21.13,30.24,29.79
2026-07-29T23:49:01,70.601,1.216796875,661,183247,0,0,0,0,23.78,56.0,21.13,30.24,29.79
2026-07-29T23:49:38,69.627,0.80322265625,665,183287,0,0,0,0,23.78,56.0,21.13,30.24,29.79
2026-07-29T23:50:16,71.575,0.8212890625,668,183328,0,0,0,0,23.78,56.0,21.13,30.24,29.79
2026-07-29T23:50:53,72.549,1.75341796875,681,183358,0,0,0,0,23.78,56.0,21.13,30.24,29.79
2026-07-29T23:51:30,70.114,1.11572265625,677,183399,0,0,0,0,23.72,56.0,21.13,30.24,29.79
2026-07-29T23:52:07,70.114,0.6240234375,662,183439,0,0,0,0,23.72,56.0,21.14,30.24,29.79
2026-07-29T23:52:45,71.088,1.07568359375,667,183469,0,0,0,0,23.72,56.0,21.14,30.24,29.79
2026-07-29T23:53:22,70.601,1.3935546875,673,183510,0,0,0,0,23.67,56.0,21.14,30.24,29.79
2026-07-29T23:53:59,68.166,0.88671875,665,183550,0,0,0,0,23.67,56.0,21.14,30.24,29.79
2026-07-29T23:54:37,69.627,0.66748046875,667,183581,0,0,0,0,23.61,55.0,21.14,30.24,29.79
2026-07-29T23:55:14,71.575,1.8720703125,659,183621,0,0,0,0,23.61,55.0,21.14,30.24,29.79
2026-07-29T23:55:51,70.114,1.44287109375,682,183662,0,0,0,0,23.61,55.0,21.13,30.24,29.79
2026-07-29T23:56:28,70.601,1.078125,653,183692,0,0,0,0,23.61,55.0,21.13,30.24,29.79
2026-07-29T23:57:06,70.601,1.27392578125,659,183732,0,0,0,0,23.61,55.0,21.14,30.24,29.79
2026-07-29T23:57:43,70.601,1.1103515625,654,183773,0,0,0,0,23.56,55.0,21.14,30.24,29.79
2026-07-29T23:58:20,70.601,0.740234375,670,183803,0,0,0,0,23.56,55.0,21.14,30.24,29.79
2026-07-29T23:58:58,70.114,0.79296875,670,183844,0,0,0,0,23.56,56.0,21.14,30.24,29.79
2026-07-29T23:59:35,71.575,0.99267578125,662,183884,0,0,0,0,23.56,56.0,21.14,30.24,29.79
2026-07-30T00:00:12,70.114,1.00048828125,665,183925,0,0,0,0,23.56,56.0,21.14,30.24,29.79
2026-07-30T00:00:49,69.627,0.91357421875,653,183955,0,0,0,0,23.56,56.0,21.14,30.24,29.79
2026-07-30T00:01:27,71.088,1.375,659,183996,0,0,0,0,23.5,56.0,21.14,30.24,29.79
2026-07-30T00:02:04,71.088,1.818359375,669,184036,0,0,0,0,23.5,56.0,21.14,30.24,29.79
2026-07-30T00:02:41,71.088,2.28515625,666,184066,0,0,0,0,23.5,56.0,21.14,30.24,29.79
2026-07-30T00:03:18,69.627,1.3896484375,654,184107,0,0,0,0,23.5,56.0,21.14,30.24,29.62
2026-07-30T00:03:56,71.575,1.71435546875,663,184147,0,0,0,0,23.44,56.0,21.15,30.24,29.62
2026-07-30T00:04:33,71.088,1.88427734375,654,184178,0,0,0,0,23.44,57.0,21.15,29.96,29.62
2026-07-30T00:05:10,69.14,1.01318359375,675,184218,0,0,0,0,23.44,57.0,21.14,29.96,29.62
2026-07-30T00:05:48,69.627,0.6201171875,679,184259,0,0,0,0,23.44,57.0,21.14,30.01,29.62
2026-07-30T00:06:25,71.575,1.45751953125,662,184289,0,0,0,0,23.44,57.0,21.14,30.01,29.62
2026-07-30T00:07:02,69.627,1.14404296875,668,184330,0,0,0,0,23.39,57.0,21.14,30.01,29.62
2026-07-30T00:07:39,69.14,0.6875,658,184370,0,0,0,0,23.39,57.0,21.14,30.01,29.62
2026-07-30T00:08:17,70.601,0.85791015625,666,184401,0,0,0,0,23.39,57.0,21.15,30.01,29.62
2026-07-30T00:08:54,70.601,1.599609375,676,184441,0,0,0,0,23.39,57.0,21.14,30.01,29.62
2026-07-30T00:09:31,69.14,1.1787109375,670,184482,0,0,0,0,23.39,57.0,21.14,30.01,29.62
2026-07-30T00:10:09,70.601,0.859375,658,184512,0,0,0,0,23.33,56.0,21.14,30.01,29.62
2026-07-30T00:10:46,71.088,1.41796875,662,184552,0,0,0,0,23.33,57.0,21.14,30.01,29.62
2026-07-30T00:11:23,69.14,1.2734375,674,184593,0,0,0,0,23.33,57.0,21.14,30.01,29.62
2026-07-30T00:12:00,69.627,1.0283203125,665,184623,0,0,0,0,23.33,57.0,21.14,30.01,29.62
2026-07-30T00:12:38,70.601,0.63671875,677,184664,0,0,0,0,23.33,57.0,21.14,30.01,29.62
2026-07-30T00:13:15,72.062,1.19921875,662,184704,0,0,0,0,23.28,57.0,21.16,30.01,29.62
2026-07-30T00:13:52,70.114,0.8984375,684,184745,0,0,0,0,23.33,57.0,21.15,30.01,29.62
2026-07-30T00:14:30,71.088,0.80126953125,659,184775,0,0,0,0,23.28,57.0,21.15,30.01,29.62
2026-07-30T00:15:07,71.575,0.869140625,668,184816,0,0,0,0,23.28,57.0,21.14,30.01,29.62
2026-07-30T00:15:44,70.114,1.236328125,667,184856,0,0,0,0,23.28,57.0,21.14,30.01,29.62
2026-07-30T00:16:21,69.627,0.9345703125,673,184886,0,0,0,0,23.28,57.0,21.15,30.01,29.62
2026-07-30T00:16:59,68.653,0.626953125,674,184927,0,0,0,0,23.22,57.0,21.15,30.01,29.62
2026-07-30T00:17:36,72.549,1.3994140625,637,184967,0,0,0,0,23.22,57.0,21.15,30.01,29.62
2026-07-30T00:18:13,71.575,1.20361328125,660,184998,0,0,0,0,23.22,57.0,21.15,30.01,29.62
2026-07-30T00:18:50,70.114,0.79638671875,649,185038,0,0,0,0,23.22,57.0,21.15,30.01,29.62
2026-07-30T00:19:28,71.088,0.6806640625,647,185079,0,0,0,0,23.17,57.0,21.15,30.01,29.55
2026-07-30T00:20:05,71.088,1.39794921875,647,185109,0,0,0,0,23.17,57.0,21.15,30.01,29.55
2026-07-30T00:20:42,70.114,0.99169921875,660,185150,0,0,0,0,23.17,57.0,21.15,30.01,29.55
2026-07-30T00:21:20,68.653,0.70263671875,669,185190,0,0,0,0,23.17,57.0,21.14,30.01,29.55
2026-07-30T00:21:57,71.088,2.2734375,646,185220,0,0,0,0,23.17,57.0,21.15,30.01,29.55
2026-07-30T00:22:34,70.114,2.580078125,643,185261,0,0,0,0,23.17,57.0,21.15,30.01,29.55
2026-07-30T00:23:11,69.14,2.51953125,665,185301,0,0,0,0,23.17,57.0,21.15,30.01,29.55
2026-07-30T00:23:49,69.627,1.77734375,669,185332,0,0,0,0,23.11,57.0,21.16,30.01,29.55
2026-07-30T00:24:26,71.575,2.22607421875,668,185372,0,0,0,0,23.11,57.0,21.16,30.01,29.55
2026-07-30T00:25:03,70.114,2.67236328125,677,185413,0,0,0,0,23.11,57.0,21.14,30.01,29.55
2026-07-30T00:25:41,70.114,1.865234375,669,185453,0,0,0,0,23.11,57.0,21.14,30.01,29.55
2026-07-30T00:26:18,71.575,2.359375,671,185484,0,0,0,0,23.11,57.0,21.14,30.01,29.55
2026-07-30T00:26:55,70.114,2.24462890625,670,185524,0,0,0,0,23.11,57.0,21.15,30.01,29.55
2026-07-30T00:27:32,71.088,1.31884765625,667,185565,0,0,0,0,23.06,57.0,21.15,30.01,29.55
2026-07-30T00:28:10,69.14,0.98095703125,678,185595,0,0,0,0,23.06,57.0,21.15,30.01,29.55
2026-07-30T00:28:47,71.575,0.9521484375,666,185635,0,0,0,0,23.06,57.0,21.15,30.01,29.55
2026-07-30T00:29:24,70.601,1.10595703125,688,185676,0,0,0,0,23.06,57.0,21.16,30.01,29.55
2026-07-30T00:30:01,70.114,0.80615234375,667,185706,0,0,0,0,23.06,58.0,21.17,30.01,29.55
2026-07-30T00:30:39,71.088,0.74072265625,672,185747,0,0,0,0,23.0,58.0,21.17,30.01,29.55
2026-07-30T00:31:16,70.601,1.31982421875,668,185787,0,0,0,0,23.0,57.0,21.15,30.01,29.55
2026-07-30T00:31:53,70.601,0.98193359375,670,185818,0,0,0,0,23.0,57.0,21.15,30.01,29.55
2026-07-30T00:32:31,70.601,0.6435546875,669,185858,0,0,0,0,22.94,58.0,21.15,30.01,29.55
2026-07-30T00:33:08,71.575,1.041015625,666,185899,0,0,0,0,22.94,57.0,21.15,30.01,29.55
2026-07-30T00:33:45,72.062,1.64794921875,674,185929,0,0,0,0,22.94,57.0,21.15,30.01,29.55
2026-07-30T00:34:22,71.088,1.02783203125,679,185970,0,0,0,0,22.94,58.0,21.16,30.01,29.55
2026-07-30T00:35:00,69.627,0.650390625,666,186010,0,0,0,0,22.94,58.0,21.17,30.01,29.55
2026-07-30T00:35:37,71.088,1.61767578125,674,186041,0,0,0,0,22.94,58.0,21.17,30.01,29.55
2026-07-30T00:36:14,69.627,1.296875,676,186081,0,0,0,0,22.89,58.0,21.17,30.01,29.55
2026-07-30T00:36:52,69.627,0.73828125,668,186122,0,0,0,0,22.89,58.0,21.16,30.01,29.55
2026-07-30T00:37:29,70.114,0.51416015625,695,186152,0,0,0,0,22.89,58.0,21.16,30.01,29.55
2026-07-30T00:38:06,70.114,1.177734375,677,186193,0,0,0,0,22.83,58.0,21.17,30.01,29.55
2026-07-30T00:38:44,70.601,1.0947265625,676,186233,0,0,0,0,22.83,58.0,21.17,30.01,29.55
2026-07-30T00:39:21,69.627,0.88671875,668,186274,0,0,0,0,22.83,58.0,21.17,30.01,29.55
2026-07-30T00:39:58,70.601,0.9013671875,672,186304,0,0,0,0,22.83,58.0,21.17,30.01,29.55
2026-07-30T00:40:35,70.601,1.03857421875,686,186344,0,0,0,0,22.78,58.0,21.17,30.01,29.55
2026-07-30T00:41:13,70.114,1.05810546875,661,186385,0,0,0,0,22.78,58.0,21.17,30.01,29.55
2026-07-30T00:41:50,69.14,1.1845703125,664,186415,0,0,0,0,22.78,58.0,21.17,30.01,29.55
2026-07-30T00:42:27,69.627,1.76025390625,666,186456,0,0,0,0,22.78,58.0,21.17,30.01,29.55
2026-07-30T00:43:05,70.114,2.33203125,688,186496,0,0,0,0,22.72,58.0,21.17,30.01,29.55
2026-07-30T00:43:42,70.601,2.24365234375,675,186527,0,0,0,0,22.72,58.0,21.17,30.01,29.55
2026-07-30T00:44:19,71.088,2.4599609375,663,186567,0,0,0,0,22.72,58.0,21.17,30.01,29.55
2026-07-30T00:44:56,71.088,2.17431640625,672,186608,0,0,0,0,22.72,58.0,21.17,30.01,29.55
2026-07-30T00:45:34,70.114,1.8095703125,668,186638,0,0,0,0,22.67,58.0,21.17,30.01,29.55
2026-07-30T00:46:11,70.114,1.603515625,677,186678,0,0,0,0,22.67,59.0,21.18,30.01,29.55
2026-07-30T00:46:48,72.062,1.91748046875,663,186719,0,0,0,0,22.67,59.0,21.18,30.01,29.55
2026-07-30T00:47:26,69.14,1.6494140625,686,186749,0,0,0,0,22.67,59.0,21.18,30.01,29.55
2026-07-30T00:48:03,70.114,0.94677734375,666,186790,0,0,0,0,22.67,59.0,21.17,30.01,29.55
2026-07-30T00:48:40,70.601,0.6962890625,680,186830,0,0,0,0,22.61,59.0,21.17,30.01,29.55
2026-07-30T00:49:17,71.575,1.5810546875,662,186861,0,0,0,0,22.61,59.0,21.17,30.01,29.55
2026-07-30T00:49:55,69.627,1.2373046875,688,186901,0,0,0,0,22.56,59.0,21.18,30.01,29.55
2026-07-30T00:50:32,68.653,0.86181640625,666,186941,0,0,0,0,22.56,59.0,21.18,30.01,29.55
2026-07-30T00:51:09,71.575,0.966796875,670,186972,0,0,0,0,22.56,59.0,21.17,30.01,29.55
2026-07-30T00:51:46,69.14,1.27880859375,670,187012,0,0,0,0,22.56,59.0,21.17,30.01,29.55
2026-07-30T00:52:24,68.653,0.9091796875,670,187053,0,0,0,0,22.56,59.0,21.17,30.01,29.55
2026-07-30T00:53:01,69.627,0.580078125,674,187093,0,0,0,0,22.5,59.0,21.17,30.01,29.55
2026-07-30T00:53:38,71.575,0.96728515625,671,187124,0,0,0,0,22.5,60.0,21.17,30.01,29.55
2026-07-30T00:54:16,68.653,1.32275390625,673,187164,0,0,0,0,22.5,60.0,21.18,30.01,29.55
2026-07-30T00:54:53,70.114,0.9111328125,668,187204,0,0,0,0,22.5,59.0,21.18,30.01,29.55
2026-07-30T00:55:30,71.575,0.7734375,682,187235,0,0,0,0,22.5,59.0,21.18,29.77,29.55
2026-07-30T00:56:07,72.062,1.126953125,694,187275,0,0,0,0,22.44,60.0,21.19,29.77,29.55
2026-07-30T00:56:45,69.14,0.72509765625,674,187316,0,0,0,0,22.44,60.0,21.19,29.77,29.55
2026-07-30T00:57:22,69.14,0.72412109375,663,187346,0,0,0,0,22.44,60.0,21.19,29.77,29.55
2026-07-30T00:57:59,70.114,1.14208984375,664,187386,0,0,0,0,22.44,60.0,21.17,29.77,29.55
2026-07-30T00:58:36,70.114,1.3232421875,686,187427,0,0,0,0,22.44,60.0,21.17,29.77,29.55
2026-07-30T00:59:14,69.14,0.9482421875,677,187457,0,0,0,0,22.44,60.0,21.18,29.77,29.55
2026-07-30T00:59:51,69.627,0.81298828125,661,187498,0,0,0,0,22.39,60.0,21.18,29.77,29.55
2026-07-30T01:00:28,69.627,1.46044921875,672,187538,0,0,0,0,22.39,60.0,21.18,29.77,29.55
2026-07-30T01:01:06,69.627,0.994140625,669,187569,0,0,0,0,22.39,60.0,21.17,29.77,29.55
2026-07-30T01:01:43,69.627,0.56640625,675,187609,0,0,0,0,22.39,60.0,21.17,29.77,29.55
2026-07-30T01:02:20,70.114,0.99853515625,666,187650,0,0,0,0,22.39,60.0,21.19,29.77,29.55
2026-07-30T01:02:58,68.653,1.29736328125,673,187690,0,0,0,0,22.39,60.0,21.19,29.77,29.55
2026-07-30T01:03:35,69.627,1.1962890625,674,187720,0,0,0,0,22.33,60.0,21.19,29.77,29.55
2026-07-30T01:04:12,69.14,1.48046875,673,187761,0,0,0,0,22.33,60.0,21.18,29.77,29.55
2026-07-30T01:04:49,69.627,1.939453125,667,187801,0,0,0,0,22.33,60.0,21.18,29.77,29.55
2026-07-30T01:05:27,70.601,1.7041015625,687,187832,0,0,0,0,22.33,60.0,21.18,29.77,29.55
2026-07-30T01:06:04,69.627,1.2509765625,665,187872,0,0,0,0,22.33,60.0,21.19,29.77,29.55
2026-07-30T01:06:41,70.601,1.54345703125,664,187913,0,0,0,0,22.33,60.0,21.19,29.77,29.55
2026-07-30T01:07:18,71.088,1.8837890625,682,187943,0,0,0,0,22.28,60.0,21.19,29.77,29.55
2026-07-30T01:07:56,69.14,1.30224609375,687,187983,0,0,0,0,22.28,60.0,21.18,29.77,29.55
2026-07-30T01:08:33,69.14,0.92431640625,684,188024,0,0,0,0,22.28,60.0,21.18,29.77,29.55
2026-07-30T01:09:10,71.575,0.92333984375,665,188054,0,0,0,0,22.28,60.0,21.18,29.77,29.55
2026-07-30T01:09:48,69.627,1.28515625,668,188095,0,0,0,0,22.28,61.0,21.18,29.77,29.55
2026-07-30T01:10:25,69.14,0.8525390625,676,188135,0,0,0,0,22.22,61.0,21.18,29.77,29.55
2026-07-30T01:11:02,69.14,0.84619140625,673,188166,0,0,0,0,22.22,61.0,21.17,29.77,29.55
2026-07-30T01:11:39,70.601,1.30029296875,678,188206,0,0,0,0,22.22,60.0,21.17,29.77,29.55
2026-07-30T01:12:17,70.114,1.0146484375,672,188247,0,0,0,0,22.22,60.0,21.19,29.77,29.55
2026-07-30T01:12:54,68.166,0.7568359375,673,188277,0,0,0,0,22.17,60.0,21.18,29.77,29.55
2026-07-30T01:13:31,70.114,0.7646484375,674,188317,0,0,0,0,22.17,61.0,21.18,29.77,29.55
2026-07-30T01:14:09,69.627,1.33203125,680,188358,0,0,0,0,22.17,61.0,21.19,29.77,29.35
2026-07-30T01:14:46,69.627,0.8017578125,672,188398,0,0,0,0,22.17,61.0,21.19,29.77,29.35
2026-07-30T01:15:23,68.166,0.63330078125,675,188429,0,0,0,0,22.17,61.0,21.18,29.77,29.35
2026-07-30T01:16:01,71.575,1.42919921875,666,188469,0,0,0,0,22.11,60.0,21.18,29.77,29.35
2026-07-30T01:16:38,70.114,1.33203125,695,188510,0,0,0,0,22.11,61.0,21.18,29.77,29.35
2026-07-30T01:17:15,68.653,1.05615234375,670,188540,0,0,0,0,22.11,61.0,21.19,29.77,29.35
2026-07-30T01:17:52,69.627,0.91259765625,692,188581,0,0,0,0,22.06,61.0,21.18,29.77,29.35
2026-07-30T01:18:30,71.088,1.8837890625,670,188621,0,0,0,0,22.06,61.0,21.18,29.77,29.35
2026-07-30T01:19:07,70.114,1.26123046875,674,188651,0,0,0,0,22.06,61.0,21.18,29.77,29.35
2026-07-30T01:19:44,69.14,0.73828125,671,188692,0,0,0,0,22.06,61.0,21.18,29.77,29.35
2026-07-30T01:20:22,70.114,0.94140625,667,188732,0,0,0,0,22.06,61.0,21.18,29.77,29.35
2026-07-30T01:20:59,69.627,1.24267578125,677,188763,0,0,0,0,22.06,61.0,21.18,29.77,29.35
2026-07-30T01:21:36,68.653,0.8798828125,674,188803,0,0,0,0,22.0,61.0,21.18,29.77,29.35
2026-07-30T01:22:13,70.114,0.6083984375,675,188844,0,0,0,0,22.0,61.0,21.2,29.77,29.35
2026-07-30T01:22:51,69.627,1.0634765625,666,188874,0,0,0,0,22.0,61.0,21.19,29.77,29.35
2026-07-30T01:23:28,68.653,1.3623046875,683,188914,0,0,0,0,22.0,61.0,21.19,29.77,29.35
2026-07-30T01:24:05,69.627,1.095703125,681,188955,0,0,0,0,21.94,61.0,21.19,29.77,29.35
2026-07-30T01:24:43,69.14,1.06884765625,690,188985,0,0,0,0,21.94,61.0,21.19,29.77,29.35
2026-07-30T01:25:20,71.088,2.1396484375,665,189026,0,0,0,0,21.94,61.0,21.19,29.77,29.35
2026-07-30T01:25:57,69.627,1.97412109375,686,189066,0,0,0,0,21.94,61.0,21.19,29.77,29.35
2026-07-30T01:26:34,69.627,1.408203125,678,189107,0,0,0,0,21.94,61.0,21.19,29.77,29.35
2026-07-30T01:27:12,70.601,1.705078125,671,189137,0,0,0,0,21.89,61.0,21.2,29.77,29.35
2026-07-30T01:27:49,70.114,1.58251953125,664,189178,0,0,0,0,21.89,61.0,21.2,29.77,29.35
2026-07-30T01:28:26,69.14,0.94384765625,665,189218,0,0,0,0,21.83,61.0,21.19,29.77,29.35
2026-07-30T01:29:03,69.627,0.70166015625,672,189248,0,0,0,0,21.83,61.0,21.19,29.77,29.35
2026-07-30T01:29:41,70.601,2.078125,674,189289,0,0,0,0,21.83,61.0,21.19,29.77,29.35
2026-07-30T01:30:18,70.114,1.29345703125,699,189330,0,0,0,0,21.83,61.0,21.2,29.77,29.35
2026-07-30T01:30:55,68.653,0.9306640625,677,189360,0,0,0,0,21.83,61.0,21.2,29.77,29.35
2026-07-30T01:31:33,70.114,1.37060546875,675,189400,0,0,0,0,21.78,61.0,21.2,29.77,29.35
2026-07-30T01:32:10,70.114,1.662109375,679,189441,0,0,0,0,21.78,61.0,21.19,29.77,29.35
2026-07-30T01:32:47,70.114,1.0859375,695,189471,0,0,0,0,21.78,61.0,21.19,29.77,29.35
2026-07-30T01:33:24,69.627,0.69873046875,688,189512,0,0,0,0,21.78,61.0,21.2,29.77,29.35
2026-07-30T01:34:02,71.088,1.53466796875,670,189552,0,0,0,0,21.78,61.0,21.19,29.77,29.35
2026-07-30T01:34:39,69.627,1.44287109375,673,189583,0,0,0,0,21.72,61.0,21.19,29.77,29.35
2026-07-30T01:35:16,69.14,0.94189453125,664,189623,0,0,0,0,21.72,61.0,21.19,29.77,29.35
2026-07-30T01:35:54,69.14,0.673828125,689,189663,0,0,0,0,21.72,61.0,21.19,29.77,29.35
2026-07-30T01:36:31,70.114,1.37353515625,677,189694,0,0,0,0,21.67,61.0,21.19,29.77,29.35
2026-07-30T01:37:08,70.114,1.1669921875,700,189734,0,0,0,0,21.67,61.0,21.19,29.77,29.35
2026-07-30T01:37:45,68.653,0.94140625,677,189775,0,0,0,0,21.67,61.0,21.19,29.77,29.35
2026-07-30T01:38:23,69.627,0.95556640625,675,189815,0,0,0,0,21.67,61.0,21.2,29.77,29.35
2026-07-30T01:39:00,69.14,1.20556640625,681,189846,0,0,0,0,21.67,61.0,21.2,29.77,29.35
2026-07-30T01:39:37,69.14,0.73583984375,682,189886,0,0,0,0,21.61,61.0,21.2,29.77,29.35
2026-07-30T01:40:15,69.14,0.76416015625,672,189926,0,0,0,0,21.61,62.0,21.2,29.77,29.35
2026-07-30T01:40:52,70.601,1.2548828125,673,189957,0,0,0,0,21.61,62.0,21.19,29.77,29.35
2026-07-30T01:41:29,69.627,0.9111328125,676,189997,0,0,0,0,21.56,62.0,21.19,29.77,29.35
2026-07-30T01:42:06,68.653,0.7373046875,683,190038,0,0,0,0,21.56,62.0,21.2,29.77,29.35
2026-07-30T01:42:44,69.14,0.72705078125,686,190068,0,0,0,0,21.56,62.0,21.2,29.77,29.35
2026-07-30T01:43:21,71.088,1.5771484375,679,190109,0,0,0,0,21.56,62.0,21.2,29.77,29.35
2026-07-30T01:43:58,69.627,0.86474609375,687,190149,0,0,0,0,21.5,62.0,21.21,29.77,29.35
2026-07-30T01:44:36,69.14,0.59130859375,675,190179,0,0,0,0,21.5,62.0,21.21,29.77,29.35
2026-07-30T01:45:13,69.14,1.9814453125,670,190220,0,0,0,0,21.5,62.0,21.19,29.77,29.35
2026-07-30T01:45:50,71.088,1.96484375,691,190260,0,0,0,0,21.5,62.0,21.2,29.5,29.35
2026-07-30T01:46:27,68.166,2.083984375,694,190291,0,0,0,0,21.44,62.0,21.2,29.5,29.35
2026-07-30T01:47:05,69.14,1.82275390625,678,190331,0,0,0,0,21.44,62.0,21.2,29.5,29.35
2026-07-30T01:47:42,70.601,1.8447265625,670,190371,0,0,0,0,21.44,62.0,21.2,29.5,29.35
2026-07-30T01:48:19,70.114,1.541015625,696,190412,0,0,0,0,21.44,62.0,21.19,29.5,29.35
2026-07-30T01:48:57,67.679,0.990234375,670,190442,0,0,0,0,21.39,62.0,21.19,29.5,29.35
2026-07-30T01:49:34,70.114,1.072265625,675,190483,0,0,0,0,21.39,62.0,21.19,29.5,29.35
2026-07-30T01:50:11,71.088,1.4306640625,680,190523,0,0,0,0,21.39,62.0,21.2,29.49,29.35
2026-07-30T01:50:48,69.14,1.17578125,686,190554,0,0,0,0,21.33,62.0,21.2,29.49,29.35
2026-07-30T01:51:26,68.166,0.82421875,688,190594,0,0,0,0,21.33,62.0,21.19,29.49,29.35
2026-07-30T01:52:03,69.627,1.099609375,685,190635,0,0,0,0,21.33,62.0,21.2,29.49,29.35
2026-07-30T01:52:40,68.653,1.44140625,701,190665,0,0,0,0,21.33,62.0,21.2,29.49,29.35
2026-07-30T01:53:17,68.166,1.00634765625,676,190705,0,0,0,0,21.28,62.0,21.2,29.49,29.35
2026-07-30T01:53:55,69.14,0.92041015625,680,190746,0,0,0,0,21.28,62.0,21.2,29.49,29.35
2026-07-30T01:54:32,70.114,1.50048828125,664,190776,0,0,0,0,21.28,62.0,21.2,29.49,29.35
2026-07-30T01:55:09,69.14,0.98388671875,699,190817,0,0,0,0,21.28,62.0,21.2,29.49,29.25
2026-07-30T01:55:47,67.679,0.8447265625,664,190857,0,0,0,0,21.28,62.0,21.2,29.49,29.25
2026-07-30T01:56:24,69.627,1.341796875,671,190887,0,0,0,0,21.28,62.0,21.2,29.49,29.25
2026-07-30T01:57:01,68.653,1.466796875,686,190928,0,0,0,0,21.28,62.0,21.2,29.49,29.25
2026-07-30T01:57:38,68.653,0.87744140625,692,190968,0,0,0,0,21.22,62.0,21.2,29.49,29.25
2026-07-30T01:58:16,68.166,0.81640625,682,190999,0,0,0,0,21.22,62.0,21.2,29.49,29.25
2026-07-30T01:58:53,70.601,1.6806640625,676,191039,0,0,0,0,21.22,62.0,21.22,29.49,29.25
2026-07-30T01:59:30,69.14,1.14892578125,684,191080,0,0,0,0,21.22,62.0,21.22,29.49,29.25
2026-07-30T02:00:07,68.653,0.66845703125,673,191120,0,0,0,0,21.17,62.0,21.21,29.49,29.25
2026-07-30T02:00:45,69.14,0.77685546875,692,191150,0,0,0,0,21.17,62.0,21.21,29.49,29.25
2026-07-30T02:01:22,70.114,1.8203125,695,191191,0,0,0,0,21.17,62.0,21.21,29.49,29.25
2026-07-30T02:01:59,68.166,1.02978515625,689,191231,0,0,0,0,21.17,62.0,21.21,29.49,29.25
2026-07-30T02:02:37,68.653,0.73291015625,676,191262,0,0,0,0,21.17,62.0,21.21,29.49,29.25
2026-07-30T02:03:14,68.653,0.71728515625,684,191302,0,0,0,0,21.17,63.0,21.2,29.49,29.25
2026-07-30T02:03:51,70.601,1.24560546875,698,191343,0,0,0,0,21.11,63.0,21.21,29.49,29.25
2026-07-30T02:04:28,69.627,0.869140625,691,191373,0,0,0,0,21.11,63.0,21.21,29.49,29.25
2026-07-30T02:05:06,69.14,0.50732421875,683,191413,0,0,0,0,21.11,63.0,21.2,29.49,29.25
2026-07-30T02:05:43,71.088,1.291015625,674,191454,0,0,0,0,21.11,63.0,21.2,29.49,29.25
2026-07-30T02:06:20,69.14,1.8330078125,694,191484,0,0,0,0,21.11,63.0,21.22,29.49,29.25
2026-07-30T02:06:58,68.653,1.80517578125,685,191525,0,0,0,0,21.06,63.0,21.21,29.49,29.25
2026-07-30T02:07:35,69.627,1.65380859375,686,191565,0,0,0,0,21.06,63.0,21.21,29.49,29.25
2026-07-30T02:08:12,70.114,2.19482421875,693,191596,0,0,0,0,21.06,63.0,21.22,29.49,29.25
2026-07-30T02:08:49,68.653,1.705078125,686,191636,0,0,0,0,21.06,63.0,21.22,29.49,29.25
2026-07-30T02:09:27,68.653,1.78369140625,692,191676,0,0,0,0,21.06,63.0,21.21,29.49,29.24
2026-07-30T02:10:04,70.601,2.134765625,684,191707,0,0,0,0,21.06,63.0,21.22,29.49,29.24
2026-07-30T02:10:41,68.653,1.8115234375,698,191747,0,0,0,0,21.06,63.0,21.22,29.49,29.24
2026-07-30T02:11:19,69.627,1.1962890625,669,191788,0,0,0,0,21.0,63.0,21.21,29.49,29.24
2026-07-30T02:11:56,69.14,1.1650390625,675,191828,0,0,0,0,21.0,63.0,21.22,29.49,29.24
2026-07-30T02:12:33,69.14,1.814453125,684,191858,0,0,0,0,21.0,63.0,21.22,29.49,29.24
2026-07-30T02:13:10,68.653,1.14013671875,703,191899,0,0,0,0,21.0,64.0,21.22,29.49,29.24
2026-07-30T02:13:48,67.192,0.6572265625,679,191939,0,0,0,0,21.0,63.0,21.22,29.49,29.24
2026-07-30T02:14:25,69.14,1.1416015625,679,191970,0,0,0,0,21.0,63.0,21.21,29.49,29.24
2026-07-30T02:15:02,69.14,1.29150390625,681,192010,0,0,0,0,20.94,64.0,21.22,29.49,29.24
2026-07-30T02:15:39,67.679,0.841796875,688,192051,0,0,0,0,20.94,63.0,21.22,29.49,29.24
2026-07-30T02:16:17,68.653,0.642578125,693,192081,0,0,0,0,20.94,64.0,21.22,29.49,29.24
2026-07-30T02:16:54,69.14,0.97216796875,681,192122,0,0,0,0,20.94,64.0,21.22,29.49,29.24
2026-07-30T02:17:31,69.14,1.1982421875,683,192162,0,0,0,0,20.94,64.0,21.22,29.49,29.24
2026-07-30T02:18:09,67.679,0.787109375,671,192192,0,0,0,0,20.94,64.0,21.22,29.49,29.24
2026-07-30T02:18:46,69.627,0.6396484375,674,192233,0,0,0,0,20.94,64.0,21.22,29.49,29.24
2026-07-30T02:19:23,69.14,1.2431640625,688,192273,0,0,0,0,20.94,64.0,21.21,29.49,29.24
2026-07-30T02:20:00,68.653,0.94140625,704,192304,0,0,0,0,20.89,64.0,21.22,29.49,29.24
2026-07-30T02:20:38,68.166,0.6240234375,686,192344,0,0,0,0,20.89,64.0,21.22,29.49,29.24
2026-07-30T02:21:15,68.653,1.16162109375,677,192384,0,0,0,0,20.89,64.0,21.22,29.49,29.24
2026-07-30T02:21:52,68.166,1.359375,709,192425,0,0,0,0,20.83,64.0,21.22,29.49,29.24
2026-07-30T02:22:30,68.653,1.0986328125,677,192455,0,0,0,0,20.83,64.0,21.22,29.49,29.24
2026-07-30T02:23:07,68.653,0.66748046875,705,192496,0,0,0,0,20.83,64.0,21.21,29.49,29.24
2026-07-30T02:23:44,70.114,1.44482421875,677,192536,0,0,0,0,20.83,64.0,21.21,29.49,29.24
2026-07-30T02:24:21,69.14,1.06982421875,696,192567,0,0,0,0,20.83,64.0,21.22,29.49,29.24
2026-07-30T02:24:59,69.14,0.822265625,680,192607,0,0,0,0,20.83,64.0,21.22,29.49,29.24
2026-07-30T02:25:36,69.627,1.099609375,678,192647,0,0,0,0,20.78,64.0,21.22,29.49,29.24
2026-07-30T02:26:13,69.14,1.89794921875,694,192678,0,0,0,0,20.78,64.0,21.22,29.49,29.24
2026-07-30T02:26:51,68.653,1.267578125,692,192718,0,0,0,0,20.78,64.0,21.22,29.49,29.24
2026-07-30T02:27:28,69.627,1.51416015625,675,192759,0,0,0,0,20.78,64.0,21.22,29.49,29.24
2026-07-30T02:28:05,69.627,1.91064453125,681,192789,0,0,0,0,20.78,64.0,21.21,29.49,29.24
2026-07-30T02:28:42,68.653,1.61279296875,699,192830,0,0,0,0,20.78,64.0,21.21,29.49,29.24
2026-07-30T02:29:20,68.166,0.951171875,687,192870,0,0,0,0,20.72,64.0,21.22,29.49,29.24
2026-07-30T02:29:57,69.14,0.64990234375,691,192900,0,0,0,0,20.72,65.0,21.23,29.49,29.24
2026-07-30T02:30:34,69.14,1.478515625,682,192941,0,0,0,0,20.72,65.0,21.23,29.49,29.24
2026-07-30T02:31:12,68.653,0.94384765625,709,192981,0,0,0,0,20.72,65.0,21.22,29.49,29.24
2026-07-30T02:31:49,68.653,0.64697265625,701,193022,0,0,0,0,20.72,65.0,21.22,29.49,29.24
2026-07-30T02:32:26,68.653,0.865234375,678,193052,0,0,0,0,20.72,65.0,21.22,29.49,29.24
2026-07-30T02:33:03,68.166,1.6171875,680,193092,0,0,0,0,20.67,65.0,21.22,29.49,29.24
2026-07-30T02:33:41,67.679,1.060546875,677,193133,0,0,0,0,20.67,65.0,21.22,29.49,29.24
2026-07-30T02:34:18,68.166,0.7099609375,680,193163,0,0,0,0,20.67,65.0,21.23,29.49,29.24
2026-07-30T02:34:55,68.653,1.2822265625,684,193204,0,0,0,0,20.67,65.0,21.22,29.49,29.24
2026-07-30T02:35:33,69.14,1.15380859375,690,193244,0,0,0,0,20.67,65.0,21.22,29.49,29.24
2026-07-30T02:36:10,68.653,0.970703125,683,193274,0,0,0,0,20.61,65.0,21.22,29.49,29.24
2026-07-30T02:36:47,68.653,0.93408203125,679,193315,0,0,0,0,20.61,65.0,21.22,29.49,29.24
2026-07-30T02:37:24,67.679,1.29345703125,677,193355,0,0,0,0,20.61,65.0,21.23,29.49,29.24
2026-07-30T02:38:02,68.653,0.92041015625,708,193386,0,0,0,0,20.61,65.0,21.23,29.49,29.24
2026-07-30T02:38:39,67.192,0.69482421875,679,193426,0,0,0,0,20.61,65.0,21.23,29.49,29.24
2026-07-30T02:39:16,69.14,1.251953125,684,193467,0,0,0,0,20.61,65.0,21.21,29.49,29.24
2026-07-30T02:39:54,67.679,1.3369140625,681,193497,0,0,0,0,20.56,65.0,21.22,29.49,29.24
2026-07-30T02:40:31,69.14,0.796875,685,193537,0,0,0,0,20.56,65.0,21.22,29.49,29.24
2026-07-30T02:41:08,69.627,0.72021484375,698,193578,0,0,0,0,20.56,65.0,21.23,29.49,29.24
2026-07-30T02:41:45,70.114,1.1962890625,684,193608,0,0,0,0,20.56,65.0,21.23,29.49,29.24
2026-07-30T02:42:23,68.653,1.36083984375,688,193649,0,0,0,0,20.56,66.0,21.22,29.49,29.24
2026-07-30T02:43:00,68.166,0.9189453125,684,193689,0,0,0,0,20.5,66.0,21.23,29.49,29.24
2026-07-30T02:43:37,69.14,1.4423828125,683,193730,0,0,0,0,20.5,66.0,21.23,29.49,29.24
2026-07-30T02:44:15,69.14,1.3662109375,681,193760,0,0,0,0,20.5,66.0,21.23,29.49,29.24
2026-07-30T02:44:52,69.14,0.875,686,193800,0,0,0,0,20.44,66.0,21.23,29.49,29.24
2026-07-30T02:45:29,67.192,0.6181640625,683,193841,0,0,0,0,20.44,65.0,21.23,29.49,29.24
2026-07-30T02:46:06,69.627,0.9150390625,674,193871,0,0,0,0,20.44,65.0,21.22,29.49,29.24
2026-07-30T02:46:44,68.653,1.18212890625,701,193912,0,0,0,0,20.44,66.0,21.22,29.49,29.24
2026-07-30T02:47:21,70.114,0.9267578125,684,193952,0,0,0,0,20.39,66.0,21.22,29.49,29.24
2026-07-30T02:47:58,70.601,1.00732421875,696,193983,0,0,0,0,20.39,66.0,21.23,29.49,29.24
2026-07-30T02:48:36,70.601,1.88818359375,687,194023,0,0,0,0,20.39,66.0,21.23,29.49,29.24
2026-07-30T02:49:13,68.653,1.97607421875,688,194064,0,0,0,0,20.39,66.0,21.22,29.49,29.24
2026-07-30T02:49:50,67.679,1.44384765625,681,194094,0,0,0,0,20.33,66.0,21.22,29.15,29.24
2026-07-30T02:50:27,70.114,1.3603515625,687,194134,0,0,0,0,20.33,66.0,21.22,29.15,29.24
2026-07-30T02:51:05,68.653,1.5986328125,678,194175,0,0,0,0,20.33,66.0,21.22,29.15,29.24
2026-07-30T02:51:42,68.653,1.2314453125,688,194205,0,0,0,0,20.33,66.0,21.22,29.15,29.24
2026-07-30T02:52:19,68.653,0.8388671875,677,194246,0,0,0,0,20.28,66.0,21.23,29.15,29.24
2026-07-30T02:52:57,69.627,1.3193359375,684,194286,0,0,0,0,20.28,66.0,21.22,29.15,29.24
2026-07-30T02:53:34,69.627,0.88818359375,700,194327,0,0,0,0,20.28,66.0,21.22,29.15,29.24
2026-07-30T02:54:11,68.653,0.74853515625,683,194357,0,0,0,0,20.28,66.0,21.22,29.15,29.24
2026-07-30T02:54:48,69.14,1.32373046875,683,194397,0,0,0,0,20.28,67.0,21.22,29.15,29.24
2026-07-30T02:55:26,70.114,1.88623046875,677,194438,0,0,0,0,20.28,67.0,21.23,29.15,29.24
2026-07-30T02:56:03,67.679,1.46240234375,690,194468,0,0,0,0,20.22,66.0,21.22,29.15,29.24
2026-07-30T02:56:40,66.705,1.6923828125,690,194509,0,0,0,0,20.22,66.0,21.22,29.15,29.24
2026-07-30T02:57:17,69.14,1.75439453125,676,194549,0,0,0,0,20.22,66.0,21.23,29.15,29.24
2026-07-30T02:57:55,68.166,1.68603515625,678,194580,0,0,0,0,20.22,66.0,21.23,29.15,29.24
2026-07-30T02:58:32,68.653,1.5390625,682,194620,0,0,0,0,20.17,66.0,21.23,29.15,29.24
2026-07-30T02:59:09,68.653,1.80126953125,699,194661,0,0,0,0,20.17,66.0,21.23,29.15,29.24
2026-07-30T02:59:47,69.14,1.87890625,688,194691,0,0,0,0,20.17,67.0,21.23,29.15,28.96
2026-07-30T03:00:24,69.627,1.68310546875,716,194731,0,0,0,0,20.17,67.0,21.22,29.15,28.96
2026-07-30T03:01:01,67.192,1.318359375,682,194772,0,0,0,0,20.17,67.0,21.22,29.15,28.96
2026-07-30T03:01:38,70.114,1.203125,693,194802,0,0,0,0,20.17,67.0,21.22,29.15,28.96
2026-07-30T03:02:16,69.14,1.64208984375,700,194843,0,0,0,0,20.11,67.0,21.23,29.15,28.96
2026-07-30T03:02:53,69.14,1.16650390625,699,194883,0,0,0,0,20.11,67.0,21.23,29.15,28.96
2026-07-30T03:03:30,68.166,0.77392578125,708,194913,0,0,0,0,20.11,67.0,21.23,29.15,28.96
2026-07-30T03:04:08,69.14,1.26806640625,687,194954,0,0,0,0,20.11,67.0,21.23,29.15,29.0
2026-07-30T03:04:45,68.653,1.048828125,698,194994,0,0,0,0,20.11,67.0,21.23,29.15,29.0
2026-07-30T03:05:22,68.166,0.83056640625,688,195035,0,0,0,0,20.11,68.0,21.23,29.15,29.0
2026-07-30T03:05:59,70.114,0.70361328125,704,195065,0,0,0,0,20.06,68.0,21.22,29.15,29.0
2026-07-30T03:06:37,70.601,1.724609375,702,195106,0,0,0,0,20.06,68.0,21.22,29.15,29.0
2026-07-30T03:07:14,68.653,1.0986328125,693,195146,0,0,0,0,20.06,68.0,21.21,29.05,29.0
2026-07-30T03:07:51,67.192,0.8818359375,683,195176,0,0,0,0,20.06,68.0,21.21,29.05,29.0
2026-07-30T03:08:28,69.14,1.78369140625,690,195217,0,0,0,0,20.06,68.0,21.22,29.05,29.0
2026-07-30T03:09:06,68.653,1.7001953125,702,195257,0,0,0,0,20.06,68.0,21.23,29.05,29.0
2026-07-30T03:09:43,68.166,1.4228515625,699,195288,0,0,0,0,20.0,68.0,21.23,29.05,29.0
2026-07-30T03:10:20,67.679,1.55517578125,684,195328,0,0,0,0,20.0,68.0,21.23,29.05,29.0
2026-07-30T03:10:58,70.114,2.11279296875,689,195369,0,0,0,0,20.0,68.0,21.22,29.05,29.0
2026-07-30T03:11:35,70.114,1.744140625,692,195399,0,0,0,0,20.0,68.0,21.22,29.05,29.0
2026-07-30T03:12:12,69.14,0.994140625,696,195440,0,0,0,0,20.0,68.0,21.23,29.05,29.0
2026-07-30T03:12:50,69.14,0.93212890625,685,195480,0,0,0,0,20.0,68.0,21.23,29.05,29.0
2026-07-30T03:13:27,69.627,1.4765625,697,195510,0,0,0,0,20.0,68.0,21.23,29.05,29.0
2026-07-30T03:14:04,69.14,1.1513671875,696,195551,0,0,0,0,20.0,68.0,21.22,29.05,29.0
2026-07-30T03:14:41,68.166,0.701171875,696,195591,0,0,0,0,20.0,68.0,21.22,29.05,29.0
2026-07-30T03:15:19,69.627,0.94970703125,686,195621,0,0,0,0,20.0,69.0,21.22,29.05,29.0
2026-07-30T03:15:56,69.627,1.47998046875,707,195662,0,0,0,0,19.94,69.0,21.23,29.05,29.0
2026-07-30T03:16:33,68.653,0.8740234375,685,195702,0,0,0,0,20.0,69.0,21.23,29.05,29.0
2026-07-30T03:17:10,69.14,0.71435546875,696,195743,0,0,0,0,20.0,69.0,21.22,29.05,29.0
2026-07-30T03:17:48,70.601,1.47216796875,695,195773,0,0,0,0,20.0,69.0,21.22,29.05,29.0
2026-07-30T03:18:25,68.653,1.0244140625,708,195814,0,0,0,0,19.94,69.0,21.23,29.05,29.0
2026-07-30T03:19:02,68.653,0.7021484375,704,195854,0,0,0,0,19.94,69.0,21.23,29.05,29.0
2026-07-30T03:19:40,70.114,0.9990234375,702,195885,0,0,0,0,19.94,69.0,21.23,29.05,29.0
2026-07-30T03:20:17,70.114,1.30419921875,691,195925,0,0,0,0,19.94,69.0,21.22,29.05,29.0
2026-07-30T03:20:54,68.166,0.9951171875,700,195966,0,0,0,0,19.94,69.0,21.23,29.05,29.0
2026-07-30T03:21:31,68.166,0.79638671875,697,195996,0,0,0,0,19.94,69.0,21.23,29.05,29.0
2026-07-30T03:22:09,69.14,1.66455078125,694,196036,0,0,0,0,19.94,69.0,21.22,29.05,29.0
2026-07-30T03:22:46,68.166,1.01318359375,700,196077,0,0,0,0,19.94,69.0,21.22,29.05,29.0
2026-07-30T03:23:23,68.166,0.916015625,692,196107,0,0,0,0,19.94,69.0,21.22,29.05,29.0
2026-07-30T03:24:01,69.627,1.39990234375,683,196148,0,0,0,0,19.94,69.0,21.23,29.05,29.0
2026-07-30T03:24:38,69.627,1.4697265625,695,196188,0,0,0,0,19.89,69.0,21.23,29.05,29.0
2026-07-30T03:25:15,68.653,0.8896484375,718,196219,0,0,0,0,19.89,69.0,21.22,29.05,29.0
2026-07-30T03:25:52,67.192,0.78515625,693,196259,0,0,0,0,19.89,69.0,21.23,29.05,29.0
2026-07-30T03:26:30,70.601,1.20703125,693,196300,0,0,0,0,19.89,69.0,21.23,29.05,29.0
2026-07-30T03:27:07,69.14,1.47509765625,686,196330,0,0,0,0,19.89,69.0,21.23,29.05,29.0
2026-07-30T03:27:44,68.653,0.98876953125,691,196370,0,0,0,0,19.83,69.0,21.23,29.05,29.0
2026-07-30T03:28:22,68.653,0.75146484375,713,196411,0,0,0,0,19.83,69.0,21.23,29.05,29.0
2026-07-30T03:28:59,70.114,1.43505859375,692,196451,0,0,0,0,19.83,69.0,21.23,29.05,29.0
2026-07-30T03:29:36,68.653,1.60595703125,701,196482,0,0,0,0,19.83,69.0,21.23,29.05,29.0
2026-07-30T03:30:13,67.679,1.6298828125,694,196522,0,0,0,0,19.83,69.0,21.22,29.05,29.0
2026-07-30T03:30:51,69.14,1.92724609375,686,196562,0,0,0,0,19.78,70.0,21.22,29.05,29.0
2026-07-30T03:31:28,70.601,1.86865234375,700,196593,0,0,0,0,19.78,70.0,21.23,29.05,29.0
2026-07-30T03:32:05,69.14,1.27734375,701,196633,0,0,0,0,19.78,70.0,21.23,29.05,29.0
2026-07-30T03:32:42,69.14,0.8330078125,700,196674,0,0,0,0,19.78,70.0,21.23,29.05,29.0
2026-07-30T03:33:20,69.627,1.39794921875,687,196704,0,0,0,0,19.72,70.0,21.22,29.05,29.0
2026-07-30T03:33:57,67.679,0.9765625,707,196745,0,0,0,0,19.72,70.0,21.23,29.05,29.0
2026-07-30T03:34:34,68.653,0.85205078125,694,196785,0,0,0,0,19.72,70.0,21.23,29.05,29.0
2026-07-30T03:35:12,69.14,0.64111328125,707,196815,0,0,0,0,19.72,70.0,21.23,29.05,29.0
2026-07-30T03:35:49,69.627,1.48876953125,690,196856,0,0,0,0,19.67,70.0,21.23,29.05,29.0
2026-07-30T03:36:26,68.653,1.07080078125,715,196896,0,0,0,0,19.67,70.0,21.22,29.05,29.0
2026-07-30T03:37:03,67.192,0.87158203125,691,196927,0,0,0,0,19.67,70.0,21.24,29.05,29.0
2026-07-30T03:37:41,68.653,1.67919921875,694,196967,0,0,0,0,19.67,70.0,21.24,29.05,29.0
2026-07-30T03:38:18,68.653,1.19873046875,692,197008,0,0,0,0,19.61,70.0,21.23,29.05,29.0
2026-07-30T03:38:55,66.705,0.73583984375,689,197048,0,0,0,0,19.61,70.0,21.23,29.05,29.0
2026-07-30T03:39:33,67.679,0.638671875,700,197078,0,0,0,0,19.61,70.0,21.23,29.05,29.0
2026-07-30T03:40:10,69.14,1.3837890625,700,197119,0,0,0,0,19.56,70.0,21.23,29.05,29.0
2026-07-30T03:40:47,67.679,1.0419921875,692,197159,0,0,0,0,19.56,70.0,21.23,29.05,29.0
2026-07-30T03:41:25,67.192,0.69873046875,692,197190,0,0,0,0,19.56,70.0,21.23,29.05,29.0
2026-07-30T03:42:02,68.653,0.8076171875,700,197230,0,0,0,0,19.56,70.0,21.23,29.05,29.0
2026-07-30T03:42:39,67.679,1.31298828125,702,197271,0,0,0,0,19.5,70.0,21.23,29.05,29.0
2026-07-30T03:43:16,67.679,1.04833984375,719,197301,0,0,0,0,19.56,70.0,21.23,29.05,29.0
2026-07-30T03:43:54,68.166,0.79931640625,713,197341,0,0,0,0,19.5,70.0,21.24,29.05,29.0
2026-07-30T03:44:31,69.14,1.07763671875,692,197382,0,0,0,0,19.5,71.0,21.24,29.05,29.0
2026-07-30T03:45:08,68.653,1.48193359375,690,197412,0,0,0,0,19.5,71.0,21.24,29.05,29.0
2026-07-30T03:45:45,66.705,0.9013671875,698,197453,0,0,0,0,19.5,71.0,21.24,29.05,29.0
2026-07-30T03:46:23,67.679,0.654296875,700,197493,0,0,0,0,19.44,71.0,21.23,29.05,29.0
2026-07-30T03:47:00,68.653,1.30322265625,691,197523,0,0,0,0,19.44,71.0,21.23,29.05,29.0
2026-07-30T03:47:37,67.679,1.0849609375,702,197564,0,0,0,0,19.44,71.0,21.23,29.05,29.0
2026-07-30T03:48:15,67.679,0.8154296875,697,197604,0,0,0,0,19.44,71.0,21.23,28.84,29.0
2026-07-30T03:48:52,68.166,1.23095703125,692,197645,0,0,0,0,19.44,71.0,21.23,28.84,29.0
2026-07-30T03:49:29,68.653,1.5478515625,705,197675,0,0,0,0,19.44,71.0,21.24,28.84,29.0
2026-07-30T03:50:06,68.166,1.30078125,704,197715,0,0,0,0,19.39,71.0,21.23,28.84,29.0
2026-07-30T03:50:44,68.166,2.10986328125,698,197756,0,0,0,0,19.39,71.0,21.23,28.84,29.0
2026-07-30T03:51:21,68.653,2.2060546875,687,197786,0,0,0,0,19.39,71.0,21.22,28.84,29.0
2026-07-30T03:51:58,67.679,2.3037109375,718,197827,0,0,0,0,19.39,71.0,21.24,28.84,29.0
2026-07-30T03:52:36,67.192,1.6904296875,688,197867,0,0,0,0,19.33,71.0,21.24,28.84,29.0
2026-07-30T03:53:13,69.14,1.88330078125,705,197897,0,0,0,0,19.33,71.0,21.24,28.84,29.0
2026-07-30T03:53:50,68.653,3.06298828125,697,197938,0,0,0,0,19.33,71.0,21.24,28.84,29.0
2026-07-30T03:54:27,68.166,1.939453125,708,197978,0,0,0,0,19.33,71.0,21.24,28.84,29.0
2026-07-30T03:55:05,67.192,1.431640625,691,198009,0,0,0,0,19.33,71.0,21.23,28.84,29.0
2026-07-30T03:55:42,68.166,1.3935546875,703,198049,0,0,0,0,19.33,71.0,21.23,28.84,28.8
2026-07-30T03:56:19,68.166,1.486328125,695,198090,0,0,0,0,19.28,71.0,21.24,28.84,28.8
2026-07-30T03:56:56,69.14,0.97314453125,703,198120,0,0,0,0,19.28,71.0,21.24,28.84,28.8
2026-07-30T03:57:34,67.679,0.62890625,699,198160,0,0,0,0,19.28,71.0,21.24,28.84,28.8
2026-07-30T03:58:11,68.166,1.34228515625,694,198201,0,0,0,0,19.28,72.0,21.24,28.84,28.8
2026-07-30T03:58:48,67.679,1.04296875,714,198231,0,0,0,0,19.28,72.0,21.24,28.84,28.8
2026-07-30T03:59:26,68.166,0.69482421875,691,198272,0,0,0,0,19.28,72.0,21.23,28.84,28.8
2026-07-30T04:00:03,67.679,0.7353515625,698,198312,0,0,0,0,19.28,72.0,21.23,28.84,28.8
2026-07-30T04:00:40,69.627,1.353515625,684,198353,0,0,0,0,19.22,72.0,21.23,28.84,28.8
2026-07-30T04:01:18,70.601,2.435546875,637,198383,0,0,0,0,19.22,72.0,21.23,28.84,28.8
2026-07-30T04:01:55,68.653,2.09716796875,624,198423,0,0,0,0,19.22,72.0,21.23,28.84,28.8
2026-07-30T04:02:32,67.192,1.654296875,636,198464,0,0,0,0,19.22,72.0,21.23,28.84,28.8
2026-07-30T04:03:09,68.166,2.25537109375,632,198494,0,0,0,0,19.22,72.0,21.24,28.84,28.8
2026-07-30T04:03:47,68.653,1.87744140625,654,198535,0,0,0,0,19.17,72.0,21.24,28.84,28.8
2026-07-30T04:04:24,66.705,1.52490234375,639,198575,0,0,0,0,19.17,72.0,21.24,28.84,28.8
2026-07-30T04:05:01,67.679,0.99072265625,630,198606,0,0,0,0,19.17,72.0,21.23,28.84,28.8
2026-07-30T04:05:39,69.14,1.64990234375,639,198646,0,0,0,0,19.17,72.0,21.23,28.84,28.8
2026-07-30T04:06:16,66.705,1.3310546875,657,198686,0,0,0,0,19.17,72.0,21.23,28.84,28.8
2026-07-30T04:06:53,65.731,1.1689453125,638,198717,0,0,0,0,19.11,72.0,21.23,28.84,28.8
2026-07-30T04:07:31,68.653,1.27392578125,637,198757,0,0,0,0,19.11,72.0,21.23,28.84,28.8
2026-07-30T04:08:08,68.653,1.36767578125,633,198798,0,0,0,0,19.11,72.0,21.23,28.84,28.8
2026-07-30T04:08:45,67.679,0.9580078125,645,198828,0,0,0,0,19.06,72.0,21.23,28.84,28.8
2026-07-30T04:09:22,66.705,0.9033203125,644,198869,0,0,0,0,19.06,72.0,21.23,28.84,28.8
2026-07-30T04:10:00,68.653,1.314453125,638,198909,0,0,0,0,19.06,72.0,21.24,28.84,28.8
2026-07-30T04:10:37,66.218,1.05859375,639,198949,0,0,0,0,19.06,72.0,21.24,28.84,28.8
2026-07-30T04:11:14,67.192,0.78271484375,631,198980,0,0,0,0,19.06,72.0,21.24,28.84,28.8
2026-07-30T04:11:52,66.705,0.8828125,651,199020,0,0,0,0,19.0,72.0,21.24,28.84,28.8
2026-07-30T04:12:29,68.166,1.30029296875,658,199061,0,0,0,0,19.0,72.0,21.23,28.84,28.8
2026-07-30T04:13:06,66.705,0.9755859375,660,199091,0,0,0,0,19.0,72.0,21.24,28.84,28.8
2026-07-30T04:13:43,67.192,0.5517578125,639,199132,0,0,0,0,19.0,72.0,21.24,28.84,28.8
2026-07-30T04:14:21,67.192,1.3603515625,627,199172,0,0,0,0,18.94,72.0,21.24,28.84,28.8
2026-07-30T04:14:58,67.679,1.7060546875,631,199202,0,0,0,0,18.94,72.0,21.23,28.84,28.8
2026-07-30T04:15:35,67.192,0.93603515625,641,199243,0,0,0,0,18.94,72.0,21.23,28.84,28.8
2026-07-30T04:16:13,67.192,0.689453125,640,199283,0,0,0,0,18.94,72.0,21.23,28.84,28.8
2026-07-30T04:16:50,67.679,1.4716796875,642,199314,0,0,0,0,18.94,72.0,21.23,28.84,28.8
2026-07-30T04:17:27,66.705,1.17578125,643,199354,0,0,0,0,18.89,72.0,21.23,28.84,28.8
2026-07-30T04:18:04,65.731,0.73779296875,636,199395,0,0,0,0,18.89,73.0,21.23,28.84,28.8
2026-07-30T04:18:42,67.679,1.2783203125,661,199425,0,0,0,0,18.89,73.0,21.23,28.84,28.8
2026-07-30T04:19:19,66.705,2.16015625,651,199465,0,0,0,0,18.89,73.0,21.23,28.84,28.8
2026-07-30T04:19:56,67.192,2.13427734375,647,199506,0,0,0,0,18.83,73.0,21.24,28.84,28.8
2026-07-30T04:20:34,66.218,1.2353515625,640,199546,0,0,0,0,18.83,73.0,21.24,28.84,28.8
2026-07-30T04:21:11,67.679,1.27978515625,642,199576,0,0,0,0,18.83,73.0,21.23,28.84,28.8
2026-07-30T04:21:48,66.705,1.54833984375,657,199617,0,0,0,0,18.83,73.0,21.23,28.84,28.8
2026-07-30T04:22:25,66.218,0.96240234375,639,199657,0,0,0,0,18.83,73.0,21.24,28.54,28.8
2026-07-30T04:23:03,66.218,0.76708984375,637,199688,0,0,0,0,18.83,73.0,21.23,28.54,28.8
2026-07-30T04:23:40,68.653,1.49755859375,647,199728,0,0,0,0,18.78,73.0,21.23,28.54,28.8
2026-07-30T04:24:17,67.192,1.0400390625,658,199769,0,0,0,0,18.78,73.0,21.24,28.54,28.8
2026-07-30T04:24:54,68.166,0.82958984375,647,199799,0,0,0,0,18.78,73.0,21.24,28.54,28.8
2026-07-30T04:25:32,68.166,1.09130859375,647,199839,0,0,0,0,18.78,73.0,21.24,28.54,28.8
2026-07-30T04:26:09,67.679,1.36572265625,636,199880,0,0,0,0,18.78,73.0,21.23,28.54,28.8
2026-07-30T04:26:46,66.218,0.826171875,647,199910,0,0,0,0,18.78,73.0,21.23,28.54,28.8
2026-07-30T04:27:23,65.731,0.74365234375,646,199950,0,0,0,0,18.72,73.0,21.23,28.54,28.8
2026-07-30T04:28:01,69.14,1.3427734375,638,199991,0,0,0,0,18.72,74.0,21.24,28.54,28.8
2026-07-30T04:28:38,67.192,0.98046875,657,200021,0,0,0,0,18.72,74.0,21.24,28.54,28.8
2026-07-30T04:29:15,65.731,0.63330078125,640,200062,0,0,0,0,18.72,74.0,21.24,28.54,28.8
2026-07-30T04:29:53,68.166,0.60986328125,643,200102,0,0,0,0,18.67,74.0,21.24,28.54,28.8
2026-07-30T04:30:30,67.679,1.3486328125,652,200143,0,0,0,0,18.67,74.0,21.23,28.54,28.8
2026-07-30T04:31:07,68.166,0.88330078125,679,200173,0,0,0,0,18.67,74.0,21.23,28.54,28.8
2026-07-30T04:31:44,66.218,0.52001953125,638,200213,0,0,0,0,18.67,74.0,21.23,28.54,28.8
2026-07-30T04:32:22,67.679,1.1923828125,647,200254,0,0,0,0,18.67,74.0,21.23,28.54,28.8
2026-07-30T04:32:59,66.218,1.1103515625,648,200284,0,0,0,0,18.61,74.0,21.23,28.54,28.8
2026-07-30T04:33:36,66.218,0.8642578125,652,200325,0,0,0,0,18.61,74.0,21.23,28.54,28.8
2026-07-30T04:34:14,67.192,0.73095703125,662,200365,0,0,0,0,18.61,74.0,21.23,28.54,28.8
2026-07-30T04:34:51,68.166,0.97607421875,636,200395,0,0,0,0,18.61,74.0,21.23,28.54,28.8
2026-07-30T04:35:28,66.218,0.9638671875,651,200436,0,0,0,0,18.56,74.0,21.23,28.54,28.8
2026-07-30T04:36:06,66.705,0.72998046875,633,200476,0,0,0,0,18.56,74.0,21.23,28.54,28.8
2026-07-30T04:36:43,67.192,0.7216796875,635,200507,0,0,0,0,18.56,74.0,21.23,28.54,28.8
2026-07-30T04:37:20,67.679,1.34765625,656,200547,0,0,0,0,18.56,74.0,21.23,28.54,28.8
2026-07-30T04:37:57,66.218,0.8251953125,643,200588,0,0,0,0,18.5,74.0,21.22,28.54,28.8
2026-07-30T04:38:35,67.192,0.8388671875,632,200618,0,0,0,0,18.5,74.0,21.22,28.54,28.8
2026-07-30T04:39:12,65.731,1.07958984375,647,200658,0,0,0,0,18.5,74.0,21.23,28.54,28.8
2026-07-30T04:39:49,66.218,2.07470703125,664,200699,0,0,0,0,18.44,74.0,21.23,28.54,28.8
2026-07-30T04:40:26,66.218,1.97021484375,644,200729,0,0,0,0,18.44,74.0,21.24,28.54,28.8
2026-07-30T04:41:04,68.653,1.828125,662,200770,0,0,0,0,18.44,74.0,21.23,28.54,28.8
2026-07-30T04:41:41,67.679,2.724609375,655,200810,0,0,0,0,18.44,74.0,21.23,28.43,28.8
2026-07-30T04:42:18,66.705,1.4853515625,671,200851,0,0,0,0,18.39,74.0,21.23,28.43,28.8
2026-07-30T04:42:56,65.731,1.03173828125,635,200881,0,0,0,0,18.39,74.0,21.23,28.43,28.8
2026-07-30T04:43:33,66.705,1.60400390625,646,200922,0,0,0,0,18.39,74.0,21.23,28.43,28.8
2026-07-30T04:44:10,68.166,1.69580078125,642,200962,0,0,0,0,18.33,74.0,21.23,28.43,28.8
2026-07-30T04:44:47,66.218,1.1064453125,649,200992,0,0,0,0,18.33,74.0,21.23,28.43,28.8
2026-07-30T04:45:25,67.192,0.771484375,641,201033,0,0,0,0,18.33,74.0,21.24,28.43,28.8
2026-07-30T04:46:02,67.679,1.55859375,649,201073,0,0,0,0,18.33,74.0,21.23,28.43,28.8
2026-07-30T04:46:39,66.218,1.3271484375,662,201104,0,0,0,0,18.28,74.0,21.23,28.43,28.6
2026-07-30T04:47:16,65.244,0.958984375,644,201144,0,0,0,0,18.28,74.0,21.23,28.43,28.6
2026-07-30T04:47:54,67.679,1.34716796875,646,201185,0,0,0,0,18.28,75.0,21.23,28.43,28.6
2026-07-30T04:48:31,67.679,1.6162109375,644,201215,0,0,0,0,18.22,75.0,21.23,28.43,28.6
2026-07-30T04:49:08,67.192,1.18896484375,660,201256,0,0,0,0,18.22,75.0,21.23,28.43,28.6
2026-07-30T04:49:46,66.705,0.7587890625,655,201296,0,0,0,0,18.22,75.0,21.23,28.43,28.6
2026-07-30T04:50:23,66.218,0.88623046875,635,201326,0,0,0,0,18.17,75.0,21.23,28.43,28.6
2026-07-30T04:51:00,67.192,1.025390625,643,201367,0,0,0,0,18.17,75.0,21.23,28.43,28.6
2026-07-30T04:51:37,65.731,0.8271484375,638,201407,0,0,0,0,18.17,75.0,21.23,28.43,28.6
2026-07-30T04:52:15,65.731,0.8212890625,643,201438,0,0,0,0,18.17,75.0,21.23,28.43,28.6
2026-07-30T04:52:52,66.705,1.2587890625,648,201478,0,0,0,0,18.17,75.0,21.23,28.43,28.6
2026-07-30T04:53:29,66.705,0.97509765625,640,201519,0,0,0,0,18.11,75.0,21.22,28.43,28.6
2026-07-30T04:54:07,65.244,0.76171875,635,201559,0,0,0,0,18.11,75.0,21.22,28.43,28.6
2026-07-30T04:54:44,68.166,0.81494140625,646,201589,0,0,0,0,18.11,75.0,21.22,28.43,28.6
2026-07-30T04:55:21,67.192,1.34375,656,201630,0,0,0,0,18.11,75.0,21.23,28.43,28.6
2026-07-30T04:55:58,66.705,0.80078125,657,201670,0,0,0,0,18.06,75.0,21.23,28.43,28.6
2026-07-30T04:56:36,66.218,0.9208984375,650,201701,0,0,0,0,18.06,75.0,21.23,28.43,28.6
2026-07-30T04:57:13,67.679,1.65234375,643,201741,0,0,0,0,18.06,75.0,21.21,28.43,28.6
2026-07-30T04:57:50,65.731,1.22412109375,659,201782,0,0,0,0,18.0,75.0,21.21,28.43,28.6
2026-07-30T04:58:27,66.218,0.87255859375,641,201812,0,0,0,0,18.0,76.0,21.23,28.43,28.6
2026-07-30T04:59:05,66.705,0.703125,655,201853,0,0,0,0,18.0,76.0,21.23,28.43,28.6
2026-07-30T04:59:42,68.166,1.76611328125,650,201893,0,0,0,0,17.94,76.0,21.23,28.43,28.6
2026-07-30T05:00:19,66.705,1.20654296875,648,201923,0,0,0,0,17.94,76.0,21.23,28.43,28.6
2026-07-30T05:00:56,66.218,1.42333984375,642,201964,0,0,0,0,17.94,76.0,21.22,28.43,28.6
2026-07-30T05:01:34,68.653,2.0224609375,638,202004,0,0,0,0,17.94,76.0,21.22,28.43,28.6
2026-07-30T05:02:11,66.705,2.35546875,647,202035,0,0,0,0,17.94,76.0,21.22,28.43,28.6
2026-07-30T05:02:48,67.192,1.4814453125,655,202075,0,0,0,0,17.94,76.0,21.22,28.43,28.6
2026-07-30T05:03:26,65.731,0.81103515625,642,202116,0,0,0,0,17.89,76.0,21.22,28.43,28.6
2026-07-30T05:04:03,67.679,1.10693359375,649,202146,0,0,0,0,17.89,77.0,21.22,28.43,28.6
2026-07-30T05:04:40,67.192,1.35205078125,658,202187,0,0,0,0,17.89,77.0,21.22,28.43,28.6
2026-07-30T05:05:18,66.218,1.0712890625,645,202227,0,0,0,0,17.83,77.0,21.22,28.43,28.6
2026-07-30T05:05:55,66.705,0.95703125,645,202267,0,0,0,0,17.83,77.0,21.23,28.43,28.6
2026-07-30T05:06:32,67.679,1.205078125,646,202298,0,0,0,0,17.83,77.0,21.23,28.43,28.6
2026-07-30T05:07:09,67.192,0.81787109375,650,202338,0,0,0,0,17.83,77.0,21.23,28.43,28.52
2026-07-30T05:07:47,65.731,0.65185546875,651,202379,0,0,0,0,17.83,77.0,21.23,28.43,28.52
2026-07-30T05:08:24,67.679,0.92236328125,640,202409,0,0,0,0,17.83,77.0,21.22,28.43,28.52
2026-07-30T05:09:01,67.679,1.48046875,658,202450,0,0,0,0,17.83,77.0,21.22,28.43,28.52
2026-07-30T05:09:38,66.218,0.9462890625,647,202490,0,0,0,0,17.78,77.0,21.22,28.43,28.52
2026-07-30T05:10:16,65.731,0.81982421875,636,202521,0,0,0,0,17.78,77.0,21.21,28.43,28.52
2026-07-30T05:10:53,67.679,1.83544921875,645,202561,0,0,0,0,17.78,77.0,21.21,28.43,28.52
2026-07-30T05:11:30,65.731,1.12255859375,679,202602,0,0,0,0,17.78,77.0,21.21,28.43,28.52
2026-07-30T05:12:08,66.705,0.7470703125,642,202632,0,0,0,0,17.78,77.0,21.21,28.43,28.52
2026-07-30T05:12:45,67.679,1.2333984375,645,202672,0,0,0,0,17.78,77.0,21.21,28.43,28.52
2026-07-30T05:13:22,66.218,1.81005859375,635,202713,0,0,0,0,17.72,77.0,21.2,28.43,28.52
2026-07-30T05:14:00,66.218,1.228515625,647,202743,0,0,0,0,17.72,77.0,21.22,28.43,28.52
2026-07-30T05:14:37,65.731,0.708984375,658,202784,0,0,0,0,17.72,77.0,21.22,28.43,28.52
2026-07-30T05:15:14,67.679,1.46826171875,646,202824,0,0,0,0,17.72,77.0,21.22,28.43,28.52
2026-07-30T05:15:51,66.705,1.19287109375,662,202855,0,0,0,0,17.72,77.0,21.22,28.43,28.52
2026-07-30T05:16:29,66.218,0.94091796875,635,202895,0,0,0,0,17.72,77.0,21.21,28.43,28.52
2026-07-30T05:17:06,66.705,0.78759765625,662,202936,0,0,0,0,17.72,77.0,21.22,28.43,28.52
2026-07-30T05:17:43,67.679,1.29345703125,643,202966,0,0,0,0,17.67,77.0,21.22,28.43,28.52
2026-07-30T05:18:20,67.192,1.119140625,675,203007,0,0,0,0,17.67,78.0,21.2,28.43,28.52
2026-07-30T05:18:58,66.218,0.91943359375,635,203047,0,0,0,0,17.67,78.0,21.22,28.43,28.52
2026-07-30T05:19:35,67.679,1.296875,640,203087,0,0,0,0,17.67,78.0,21.22,28.43,28.52
2026-07-30T05:20:12,67.679,1.31640625,642,203118,0,0,0,0,17.67,78.0,21.21,28.43,28.52
2026-07-30T05:20:50,65.731,0.908203125,649,203158,0,0,0,0,17.67,78.0,21.21,28.43,28.52
2026-07-30T05:21:27,66.705,1.27490234375,643,203199,0,0,0,0,17.67,78.0,21.22,28.43,28.52
2026-07-30T05:22:04,68.166,2.044921875,640,203229,0,0,0,0,17.67,78.0,21.2,28.43,28.52
2026-07-30T05:22:41,65.731,1.89501953125,649,203270,0,0,0,0,17.67,78.0,21.2,28.43,28.52
2026-07-30T05:23:19,65.731,1.08203125,643,203310,0,0,0,0,17.67,78.0,21.21,28.43,28.52
2026-07-30T05:23:56,67.192,0.9873046875,662,203340,0,0,0,0,17.67,78.0,21.21,28.43,28.52
2026-07-30T05:24:33,67.192,1.64208984375,669,203381,0,0,0,0,17.67,78.0,21.21,28.43,28.52
2026-07-30T05:25:10,65.731,0.98681640625,651,203422,0,0,0,0,17.61,78.0,21.2,28.43,28.52
2026-07-30T05:25:48,66.218,0.72265625,637,203452,0,0,0,0,17.67,78.0,21.2,28.43,28.52
2026-07-30T05:26:25,66.218,1.37548828125,650,203492,0,0,0,0,17.61,78.0,21.2,28.43,28.52
2026-07-30T05:27:02,67.679,1.20654296875,655,203533,0,0,0,0,17.61,78.0,21.22,28.43,28.52
2026-07-30T05:27:39,65.731,0.884765625,658,203563,0,0,0,0,17.61,78.0,21.22,28.43,28.52
2026-07-30T05:28:17,65.731,0.58447265625,640,203604,0,0,0,0,17.61,78.0,21.21,28.43,28.52
2026-07-30T05:28:54,67.192,1.35888671875,648,203644,0,0,0,0,17.61,78.0,21.21,28.43,28.52
2026-07-30T05:29:31,64.27,1.1171875,653,203675,0,0,0,0,17.61,79.0,21.2,28.43,28.52
2026-07-30T05:30:09,65.731,0.7763671875,653,203715,0,0,0,0,17.61,79.0,21.2,28.43,28.52
2026-07-30T05:30:46,66.705,1.029296875,646,203756,0,0,0,0,17.61,79.0,21.2,28.43,28.52
2026-07-30T05:31:23,67.192,1.111328125,652,203796,0,0,0,0,17.61,79.0,21.2,28.43,28.52
2026-07-30T05:32:00,66.218,0.9638671875,649,203826,0,0,0,0,17.56,79.0,21.2,28.43,28.52
2026-07-30T05:32:38,66.218,0.66650390625,653,203867,0,0,0,0,17.56,79.0,21.2,28.03,28.52
2026-07-30T05:33:15,68.166,0.88427734375,648,203907,0,0,0,0,17.56,79.0,21.19,28.03,28.52
2026-07-30T05:33:52,66.218,0.93212890625,660,203938,0,0,0,0,17.56,79.0,21.19,28.03,28.52
2026-07-30T05:34:30,66.218,0.7822265625,640,203978,0,0,0,0,17.56,79.0,21.19,28.03,28.52
2026-07-30T05:35:07,66.218,1.0458984375,650,204019,0,0,0,0,17.56,79.0,21.19,28.03,28.52
2026-07-30T05:35:44,68.166,1.67578125,646,204049,0,0,0,0,17.56,79.0,21.19,28.03,28.52
2026-07-30T05:36:21,66.218,1.037109375,669,204089,0,0,0,0,17.56,79.0,21.2,28.03,28.52
2026-07-30T05:36:59,65.244,0.787109375,647,204130,0,0,0,0,17.56,79.0,21.19,28.03,28.52
2026-07-30T05:37:36,67.679,1.47412109375,649,204160,0,0,0,0,17.56,79.0,21.19,28.03,28.52
2026-07-30T05:38:13,66.705,3.1171875,651,204201,0,0,0,0,17.56,79.0,21.19,28.03,28.52
2026-07-30T05:38:50,66.218,1.71240234375,656,204241,0,0,0,0,17.56,79.0,21.19,28.03,28.52
2026-07-30T05:39:28,65.731,1.2861328125,655,204272,0,0,0,0,17.56,79.0,21.19,28.03,28.32
2026-07-30T05:40:05,68.653,2.36669921875,645,204312,0,0,0,0,17.56,79.0,21.19,28.03,28.32
2026-07-30T05:40:42,64.757,1.607421875,645,204353,0,0,0,0,17.56,79.0,21.19,28.03,28.32
2026-07-30T05:41:20,65.244,1.072265625,638,204383,0,0,0,0,17.56,79.0,21.2,28.03,28.32
2026-07-30T05:41:57,67.192,1.197265625,655,204424,0,0,0,0,17.56,79.0,21.19,28.03,28.32
2026-07-30T05:42:34,67.679,3.197265625,657,204464,0,0,0,0,17.56,79.0,21.19,28.03,28.32
2026-07-30T05:43:11,65.731,2.82763671875,671,204495,0,0,0,0,17.56,79.0,21.2,28.03,28.32
2026-07-30T05:43:49,66.218,1.9990234375,677,204535,0,0,0,0,17.5,79.0,21.2,28.03,28.32
2026-07-30T05:44:26,67.192,1.853515625,647,204576,0,0,0,0,17.5,79.0,21.18,28.03,28.32
2026-07-30T05:45:03,65.731,1.3369140625,665,204616,0,0,0,0,17.5,79.0,21.19,28.03,28.32
2026-07-30T05:45:40,66.218,1.05517578125,653,204646,0,0,0,0,17.5,79.0,21.19,28.03,28.32
2026-07-30T05:46:18,65.731,0.7177734375,656,204687,0,0,0,0,17.5,79.0,21.19,28.03,28.32
2026-07-30T05:46:55,67.192,1.4501953125,653,204727,0,0,0,0,17.5,79.0,21.18,28.03,28.32
2026-07-30T05:47:32,66.705,1.40185546875,649,204758,0,0,0,0,17.5,80.0,21.18,28.03,28.32
2026-07-30T05:48:10,65.731,1.080078125,639,204798,0,0,0,0,17.5,80.0,21.18,28.03,28.32
2026-07-30T05:48:47,66.218,1.03955078125,651,204839,0,0,0,0,17.5,80.0,21.18,28.03,28.32
2026-07-30T05:49:24,67.679,1.24365234375,657,204869,0,0,0,0,17.5,80.0,21.19,28.03,28.32
2026-07-30T05:50:02,67.679,0.77490234375,658,204909,0,0,0,0,17.5,80.0,21.19,28.03,28.32
2026-07-30T05:50:39,65.731,0.65283203125,653,204950,0,0,0,0,17.5,80.0,21.19,28.03,28.32
2026-07-30T05:51:16,67.192,1.02734375,659,204980,0,0,0,0,17.5,80.0,21.19,28.03,28.32
2026-07-30T05:51:53,65.731,1.2392578125,652,205021,0,0,0,0,17.5,80.0,21.19,28.03,28.32
2026-07-30T05:52:31,65.244,0.8076171875,642,205061,0,0,0,0,17.44,80.0,21.19,28.03,28.32
2026-07-30T05:53:08,65.731,0.8369140625,665,205092,0,0,0,0,17.44,79.0,21.2,28.03,28.32
2026-07-30T05:53:45,66.705,1.61669921875,641,205132,0,0,0,0,17.44,79.0,21.2,28.03,28.32
2026-07-30T05:54:23,65.244,1.068359375,657,205172,0,0,0,0,17.44,79.0,21.19,28.03,28.32
2026-07-30T05:55:00,66.218,0.7138671875,641,205203,0,0,0,0,17.44,79.0,21.2,28.03,28.32
2026-07-30T05:55:37,66.705,1.2099609375,650,205243,0,0,0,0,17.44,80.0,21.2,28.03,28.32
2026-07-30T05:56:14,66.218,1.35888671875,648,205284,0,0,0,0,17.44,80.0,21.19,28.03,28.32
2026-07-30T05:56:52,65.731,0.8251953125,649,205324,0,0,0,0,17.44,80.0,21.19,28.03,28.32
2026-07-30T05:57:29,65.731,0.4990234375,643,205355,0,0,0,0,17.39,80.0,21.2,28.03,28.32
2026-07-30T05:58:06,67.192,1.50439453125,649,205395,0,0,0,0,17.44,80.0,21.19,28.03,28.32
2026-07-30T05:58:44,65.731,1.15478515625,670,205436,0,0,0,0,17.44,80.0,21.19,28.03,28.32
2026-07-30T05:59:21,66.218,0.93408203125,646,205466,0,0,0,0,17.39,80.0,21.19,28.03,28.32
2026-07-30T05:59:58,65.244,1.017578125,649,205506,0,0,0,0,17.44,80.0,21.2,28.03,28.22
2026-07-30T06:00:35,66.705,1.29052734375,652,205547,0,0,0,0,17.44,80.0,21.2,28.03,28.22
2026-07-30T06:01:13,66.705,0.92236328125,659,205577,0,0,0,0,17.39,80.0,21.19,27.87,28.22
2026-07-30T06:01:50,66.218,0.7314453125,644,205618,0,0,0,0,17.39,80.0,21.19,27.87,28.22
2026-07-30T06:02:27,68.166,0.94384765625,644,205658,0,0,0,0,17.39,80.0,21.2,27.87,28.22
2026-07-30T06:03:05,65.731,1.62255859375,641,205688,0,0,0,0,17.39,80.0,21.19,27.87,28.22
2026-07-30T06:03:42,65.731,1.64013671875,632,205729,0,0,0,0,17.39,80.0,21.19,27.87,28.22
2026-07-30T06:04:19,66.705,1.890625,659,205769,0,0,0,0,17.39,80.0,21.18,27.87,28.22
2026-07-30T06:04:57,65.731,2.103515625,651,205800,0,0,0,0,17.39,80.0,21.18,27.87,28.22
2026-07-30T06:05:34,65.244,1.41064453125,667,205840,0,0,0,0,17.39,80.0,21.18,27.87,28.22
2026-07-30T06:06:11,65.731,0.82421875,649,205881,0,0,0,0,17.39,80.0,21.18,27.87,28.22
2026-07-30T06:06:48,66.705,1.04931640625,637,205921,0,0,0,0,17.39,80.0,21.18,27.87,28.22
2026-07-30T06:07:26,67.192,1.4599609375,659,205951,0,0,0,0,17.39,80.0,21.19,27.87,28.22
2026-07-30T06:08:03,66.218,0.86767578125,652,205992,0,0,0,0,17.39,80.0,21.18,27.87,28.22
2026-07-30T06:08:40,65.731,0.57958984375,642,206032,0,0,0,0,17.39,80.0,21.18,27.87,28.22
2026-07-30T06:09:17,66.218,1.52587890625,644,206063,0,0,0,0,17.39,80.0,21.18,27.87,28.22
2026-07-30T06:09:55,66.218,1.302734375,654,206103,0,0,0,0,17.39,80.0,21.18,27.87,28.22
2026-07-30T06:10:32,65.731,0.8212890625,668,206144,0,0,0,0,17.33,80.0,21.18,27.87,28.22
2026-07-30T06:11:09,65.244,0.4970703125,667,206174,0,0,0,0,17.33,80.0,21.18,27.87,28.22
2026-07-30T06:11:46,67.192,1.63720703125,644,206215,0,0,0,0,17.33,80.0,21.18,27.87,28.22
2026-07-30T06:12:24,65.731,1.06103515625,650,206255,0,0,0,0,17.33,80.0,21.19,27.87,28.22
2026-07-30T06:13:01,65.244,0.77490234375,644,206285,0,0,0,0,17.33,80.0,21.18,27.87,28.22
2026-07-30T06:13:38,67.192,1.04248046875,655,206326,0,0,0,0,17.39,80.0,21.18,27.87,28.22
2026-07-30T06:14:16,64.757,1.05419921875,664,206366,0,0,0,0,17.33,80.0,21.18,27.87,28.22
2026-07-30T06:14:53,65.244,1.0166015625,652,206397,0,0,0,0,17.39,80.0,21.18,27.87,28.22
2026-07-30T06:15:30,67.192,0.64501953125,644,206437,0,0,0,0,17.39,80.0,21.19,27.87,28.22
2026-07-30T06:16:07,67.192,1.2705078125,652,206478,0,0,0,0,17.39,80.0,21.18,27.87,28.22
2026-07-30T06:16:45,66.218,1.15234375,652,206508,0,0,0,0,17.39,80.0,21.18,27.87,28.22
2026-07-30T06:17:22,65.731,0.830078125,646,206549,0,0,0,0,17.39,80.0,21.18,27.87,28.22
2026-07-30T06:17:59,66.218,1.04248046875,648,206589,0,0,0,0,17.39,80.0,21.18,27.87,28.22
2026-07-30T06:18:36,67.192,1.67236328125,655,206619,0,0,0,0,17.39,80.0,21.18,27.87,28.22
2026-07-30T06:19:14,65.731,1.32666015625,648,206660,0,0,0,0,17.39,80.0,21.18,27.87,28.22
2026-07-30T06:19:51,64.757,1.28564453125,649,206700,0,0,0,0,17.39,80.0,21.18,27.87,28.22
2026-07-30T06:20:28,67.679,1.8232421875,645,206741,0,0,0,0,17.39,80.0,21.18,27.87,28.22
2026-07-30T06:21:06,66.705,1.85107421875,659,206771,0,0,0,0,17.39,80.0,21.17,27.87,28.22
2026-07-30T06:21:43,64.757,1.64892578125,648,206812,0,0,0,0,17.44,80.0,21.17,27.87,28.22
2026-07-30T06:22:20,66.218,1.6005859375,656,206852,0,0,0,0,17.44,80.0,21.18,27.87,28.22
2026-07-30T06:22:57,66.218,1.99365234375,643,206882,0,0,0,0,17.44,80.0,21.18,27.87,28.22
2026-07-30T06:23:35,65.731,1.39306640625,666,206923,0,0,0,0,17.44,80.0,21.18,27.87,28.22
2026-07-30T06:24:12,65.244,2.15234375,646,206963,0,0,0,0,17.44,80.0,21.16,27.87,28.22
2026-07-30T06:24:49,66.705,2.82373046875,659,206994,0,0,0,0,17.44,80.0,21.16,27.87,28.22
2026-07-30T06:25:27,64.757,2.40087890625,648,207034,0,0,0,0,17.44,80.0,21.18,27.87,28.22
2026-07-30T06:26:04,65.731,1.5673828125,658,207075,0,0,0,0,17.44,80.0,21.18,27.87,28.22
2026-07-30T06:26:41,65.731,1.171875,651,207105,0,0,0,0,17.44,80.0,21.18,27.87,28.22
2026-07-30T06:27:18,67.192,1.6962890625,652,207146,0,0,0,0,17.44,80.0,21.18,27.87,28.22
2026-07-30T06:27:56,65.244,1.29638671875,652,207186,0,0,0,0,17.44,80.0,21.18,27.72,28.22
2026-07-30T06:28:33,64.27,0.9833984375,638,207216,0,0,0,0,17.44,80.0,21.19,27.72,28.22
2026-07-30T06:29:10,66.705,0.8642578125,668,207257,0,0,0,0,17.44,80.0,21.18,27.72,28.22
2026-07-30T06:29:47,65.731,1.15478515625,671,207297,0,0,0,0,17.44,80.0,21.18,27.72,28.04
2026-07-30T06:30:25,66.218,0.7666015625,676,207328,0,0,0,0,17.44,80.0,21.18,27.72,28.04
2026-07-30T06:31:02,65.244,0.61328125,634,207368,0,0,0,0,17.5,80.0,21.18,27.72,28.04
2026-07-30T06:31:39,67.192,0.9375,648,207409,0,0,0,0,17.5,80.0,21.18,27.72,28.04
2026-07-30T06:32:17,65.731,1.4052734375,657,207449,0,0,0,0,17.44,80.0,21.17,27.72,28.04
2026-07-30T06:32:54,65.244,1.044921875,655,207479,0,0,0,0,17.5,80.0,21.17,27.72,28.04
2026-07-30T06:33:31,66.218,0.85205078125,664,207520,0,0,0,0,17.5,80.0,21.18,27.72,28.04
2026-07-30T06:34:08,66.705,1.60400390625,654,207560,0,0,0,0,17.5,80.0,21.18,27.72,28.04
2026-07-30T06:34:46,65.244,1.08642578125,653,207591,0,0,0,0,17.5,80.0,21.18,27.72,28.04
2026-07-30T06:35:23,65.244,0.61376953125,647,207631,0,0,0,0,17.5,80.0,21.17,27.72,28.02
2026-07-30T06:36:00,66.705,0.93994140625,650,207672,0,0,0,0,17.44,80.0,21.17,27.72,28.02
2026-07-30T06:36:38,67.192,1.47900390625,678,207702,0,0,0,0,17.44,80.0,21.17,27.72,28.02
2026-07-30T06:37:15,65.731,0.92431640625,652,207743,0,0,0,0,17.44,80.0,21.17,27.72,28.02
2026-07-30T06:37:52,65.244,0.58544921875,644,207783,0,0,0,0,17.44,80.0,21.17,27.72,28.02
2026-07-30T06:38:29,67.679,1.48876953125,655,207814,0,0,0,0,17.44,80.0,21.18,27.72,28.02
2026-07-30T06:39:07,66.218,1.21923828125,668,207854,0,0,0,0,17.44,80.0,21.17,27.72,28.02
2026-07-30T06:39:44,65.244,0.75732421875,648,207895,0,0,0,0,17.44,80.0,21.17,27.72,28.02
2026-07-30T06:40:21,64.27,0.52099609375,647,207925,0,0,0,0,17.44,80.0,21.18,27.72,28.02
2026-07-30T06:40:58,67.192,1.3076171875,659,207965,0,0,0,0,17.44,80.0,21.17,27.72,28.02
2026-07-30T06:41:36,65.731,1.21240234375,654,207996,0,0,0,0,17.44,80.0,21.17,27.72,28.02
2026-07-30T06:42:54,66.218,3.6865234375,607,208081,0,0,0,0,17.44,80.0,21.17,27.72,28.02
2026-07-30T06:43:31,66.218,2.27294921875,622,208122,0,0,0,0,17.5,80.0,21.17,27.72,28.02
2026-07-30T06:44:09,66.218,1.638671875,620,208152,0,0,0,0,17.5,80.0,21.18,27.72,28.02
2026-07-30T06:44:46,64.27,1.54345703125,608,208193,0,0,0,0,17.5,80.0,21.18,27.72,28.02
2026-07-30T06:45:23,67.679,2.94677734375,612,208233,0,0,0,0,17.5,80.0,21.18,27.72,28.02
2026-07-30T06:46:00,67.192,2.42919921875,618,208264,0,0,0,0,17.5,80.0,21.19,27.72,28.02
2026-07-30T06:46:38,65.731,1.9296875,608,208304,0,0,0,0,17.5,80.0,21.19,27.72,28.02
2026-07-30T06:47:15,67.192,1.6533203125,620,208345,0,0,0,0,17.5,80.0,21.18,27.72,28.02
2026-07-30T06:47:52,69.14,1.93310546875,638,208375,0,0,0,0,17.5,80.0,21.18,27.72,28.02
2026-07-30T06:48:30,65.731,1.1259765625,624,208416,0,0,0,0,17.5,81.0,21.18,27.72,28.02
2026-07-30T06:49:07,64.757,1.0224609375,616,208456,0,0,0,0,17.5,81.0,21.18,27.72,28.02
2026-07-30T06:49:44,67.192,1.4755859375,624,208497,0,0,0,0,17.5,81.0,21.18,27.72,28.02
2026-07-30T06:50:22,66.218,1.37646484375,624,208527,0,0,0,0,17.56,81.0,21.17,27.72,28.02
2026-07-30T06:50:59,66.218,0.841796875,618,208568,0,0,0,0,17.56,81.0,21.17,27.72,28.02
2026-07-30T06:51:36,66.218,0.78955078125,625,208608,0,0,0,0,17.56,81.0,21.17,27.72,28.02
2026-07-30T06:52:13,66.218,1.7041015625,615,208639,0,0,0,0,17.56,81.0,21.17,27.72,28.02
2026-07-30T06:52:51,66.218,1.07470703125,630,208679,0,0,0,0,17.56,81.0,21.17,27.72,28.02
2026-07-30T06:53:28,64.757,0.59375,612,208719,0,0,0,0,17.61,81.0,21.17,27.72,28.02
2026-07-30T06:54:05,66.705,1.31787109375,621,208750,0,0,0,0,17.61,81.0,21.18,27.72,28.02
2026-07-30T06:54:42,65.244,1.54345703125,612,208790,0,0,0,0,17.61,81.0,21.18,27.72,28.02
2026-07-30T06:55:20,65.731,1.02880859375,622,208831,0,0,0,0,17.61,81.0,21.18,27.72,28.02
2026-07-30T06:55:57,64.757,0.68505859375,627,208861,0,0,0,0,17.61,81.0,21.17,27.72,28.02
2026-07-30T06:56:34,67.192,1.52099609375,619,208902,0,0,0,0,17.61,81.0,21.17,27.72,28.02
2026-07-30T06:57:11,65.731,1.205078125,624,208942,0,0,0,0,17.67,81.0,21.17,27.72,28.02
2026-07-30T06:57:49,66.218,0.91796875,615,208973,0,0,0,0,17.67,81.0,21.17,27.72,28.02
2026-07-30T06:58:26,65.244,0.9052734375,620,209013,0,0,0,0,17.67,81.0,21.18,27.72,28.02
2026-07-30T06:59:03,67.679,1.44677734375,631,209054,0,0,0,0,17.67,81.0,21.19,27.72,28.02
2026-07-30T06:59:41,64.757,1.001953125,627,209084,0,0,0,0,17.67,81.0,21.19,27.72,28.02
2026-07-30T07:00:18,63.783,0.83740234375,616,209125,0,0,0,0,17.67,81.0,21.19,27.72,28.02
2026-07-30T07:00:55,66.218,0.876953125,628,209165,0,0,0,0,17.72,81.0,21.19,27.57,28.02
2026-07-30T07:01:32,67.192,1.451171875,621,209196,0,0,0,0,17.72,81.0,21.18,27.57,28.02
2026-07-30T07:02:10,66.218,0.8681640625,617,209236,0,0,0,0,17.72,81.0,21.18,27.57,28.02
2026-07-30T07:02:47,66.705,0.73193359375,637,209276,0,0,0,0,17.72,81.0,21.18,27.57,28.02
2026-07-30T07:03:24,67.679,1.74560546875,635,209317,0,0,0,0,17.72,81.0,21.17,27.57,28.02
2026-07-30T07:04:02,65.244,1.12451171875,625,209347,0,0,0,0,17.78,81.0,21.17,27.57,28.02
2026-07-30T07:04:39,65.244,0.64404296875,620,209388,0,0,0,0,17.78,81.0,21.17,27.57,28.02
2026-07-30T07:05:16,66.218,0.99853515625,628,209428,0,0,0,0,17.78,81.0,21.17,27.57,28.02
2026-07-30T07:05:54,66.705,2.37548828125,643,209459,0,0,0,0,17.78,82.0,21.17,27.57,28.02
2026-07-30T07:06:31,65.731,1.98828125,617,209499,0,0,0,0,17.78,82.0,21.18,27.57,28.02
2026-07-30T07:07:08,65.731,1.48779296875,618,209540,0,0,0,0,17.78,82.0,21.18,27.57,28.02
2026-07-30T07:07:45,67.192,1.865234375,620,209570,0,0,0,0,17.83,82.0,21.18,27.57,28.02
2026-07-30T07:08:23,65.731,1.43212890625,632,209611,0,0,0,0,17.83,82.0,21.17,27.57,28.02
2026-07-30T07:09:00,65.731,0.9365234375,625,209651,0,0,0,0,17.83,82.0,21.18,27.57,28.02
2026-07-30T07:09:37,65.731,0.7607421875,655,209682,0,0,0,0,17.83,82.0,21.18,27.57,28.02
2026-07-30T07:10:15,67.192,1.95751953125,637,209722,0,0,0,0,17.89,82.0,21.18,27.57,28.02
2026-07-30T07:10:52,67.679,1.31396484375,648,209763,0,0,0,0,17.89,82.0,21.18,27.57,28.02
2026-07-30T07:11:29,64.757,0.87548828125,626,209793,0,0,0,0,17.89,82.0,21.18,27.57,28.02
2026-07-30T07:12:06,66.705,1.478515625,647,209834,0,0,0,0,17.94,82.0,21.18,27.57,28.02
2026-07-30T07:12:44,66.705,1.39794921875,625,209874,0,0,0,0,17.94,82.0,21.18,27.57,28.02
2026-07-30T07:13:21,65.244,1.01953125,635,209904,0,0,0,0,17.94,82.0,21.19,27.57,28.02
2026-07-30T07:13:58,65.731,0.67236328125,626,209945,0,0,0,0,17.94,82.0,21.18,27.57,28.02
2026-07-30T07:14:36,67.679,1.06298828125,642,209985,0,0,0,0,17.94,82.0,21.18,27.57,28.02
2026-07-30T07:15:13,66.218,1.25146484375,644,210016,0,0,0,0,18.0,82.0,21.18,27.57,28.02
2026-07-30T07:15:50,67.192,0.8984375,627,210056,0,0,0,0,18.0,81.0,21.18,27.57,28.02
2026-07-30T07:16:27,66.705,0.89501953125,635,210097,0,0,0,0,18.0,81.0,21.18,27.57,28.02
2026-07-30T07:17:05,67.192,1.41796875,638,210137,0,0,0,0,18.06,81.0,21.18,27.57,28.02
2026-07-30T07:17:42,66.705,0.94873046875,647,210168,0,0,0,0,18.06,81.0,21.18,27.57,27.49
2026-07-30T07:18:19,65.244,0.6162109375,643,210208,0,0,0,0,18.06,81.0,21.18,27.57,27.49
2026-07-30T07:18:57,66.705,1.15966796875,638,210249,0,0,0,0,18.11,81.0,21.18,27.57,27.49
2026-07-30T07:19:34,65.244,1.49072265625,626,210279,0,0,0,0,18.11,81.0,21.18,27.57,27.49
2026-07-30T07:20:11,65.244,0.90576171875,629,210320,0,0,0,0,18.17,81.0,21.18,27.57,27.49
2026-07-30T07:20:49,65.731,0.6982421875,649,210360,0,0,0,0,18.17,81.0,21.18,27.57,27.49
2026-07-30T07:21:26,66.218,1.447265625,633,210390,0,0,0,0,18.22,81.0,21.17,27.57,27.49
2026-07-30T07:22:03,64.27,1.380859375,644,210431,0,0,0,0,18.22,81.0,21.17,27.57,27.49
2026-07-30T07:22:40,65.731,1.66650390625,628,210471,0,0,0,0,18.28,81.0,21.17,27.57,27.49
2026-07-30T07:23:18,65.731,2.060546875,630,210502,0,0,0,0,18.28,80.0,21.18,27.44,27.49
2026-07-30T07:23:55,67.192,2.0712890625,637,210542,0,0,0,0,18.28,80.0,21.18,27.44,27.49
2026-07-30T07:24:32,65.731,1.3720703125,638,210583,0,0,0,0,18.33,80.0,21.18,27.44,27.49
2026-07-30T07:25:10,65.244,0.8857421875,645,210613,0,0,0,0,18.33,80.0,21.19,27.44,27.49
2026-07-30T07:25:47,66.705,1.53759765625,634,210654,0,0,0,0,18.33,80.0,21.19,27.44,27.49
2026-07-30T07:26:24,66.218,1.89111328125,631,210694,0,0,0,0,18.39,80.0,21.18,27.44,27.49
2026-07-30T07:27:01,65.244,2.0546875,624,210724,0,0,0,0,18.39,80.0,21.18,27.44,27.5
2026-07-30T07:27:39,65.731,2.404296875,639,210765,0,0,0,0,18.44,80.0,21.18,27.44,27.5
2026-07-30T07:28:16,67.679,3.0849609375,641,210805,0,0,0,0,18.44,80.0,21.18,27.44,27.5
2026-07-30T07:28:53,66.218,1.88818359375,638,210846,0,0,0,0,18.44,80.0,21.18,27.44,27.5
2026-07-30T07:29:30,64.757,1.4072265625,625,210876,0,0,0,0,18.5,80.0,21.18,27.44,27.5
2026-07-30T07:30:08,66.218,1.36767578125,639,210917,0,0,0,0,18.5,80.0,21.18,27.44,27.5
2026-07-30T07:30:45,64.757,1.39892578125,660,210957,0,0,0,0,18.56,80.0,21.18,27.44,27.5
2026-07-30T07:31:22,66.218,0.96142578125,641,210988,0,0,0,0,18.56,80.0,21.18,27.44,27.5
2026-07-30T07:32:00,65.244,0.75,626,211028,0,0,0,0,18.56,80.0,21.18,27.44,27.5
2026-07-30T07:32:37,66.705,1.68798828125,634,211069,0,0,0,0,18.61,79.0,21.18,27.44,27.5
2026-07-30T07:33:14,66.218,1.2333984375,629,211099,0,0,0,0,18.61,79.0,21.18,27.44,27.5
2026-07-30T07:33:51,65.731,0.67529296875,635,211140,0,0,0,0,18.61,79.0,21.18,27.44,27.5
2026-07-30T07:34:29,66.218,0.67529296875,628,211180,0,0,0,0,18.67,79.0,21.18,27.44,27.5
2026-07-30T07:35:06,67.679,1.45703125,645,211211,0,0,0,0,18.67,80.0,21.18,27.44,27.5
2026-07-30T07:35:43,65.244,0.9091796875,627,211251,0,0,0,0,18.72,80.0,21.18,27.44,27.5
2026-07-30T07:36:20,64.757,0.59765625,635,211292,0,0,0,0,18.72,79.0,21.19,27.44,27.5
2026-07-30T07:36:58,66.705,1.34521484375,639,211322,0,0,0,0,18.72,79.0,21.18,27.44,27.5
2026-07-30T07:37:35,67.679,1.22265625,657,211363,0,0,0,0,18.78,79.0,21.18,27.44,27.5
2026-07-30T07:38:12,65.244,0.9443359375,628,211403,0,0,0,0,18.78,79.0,21.17,27.44,27.5
2026-07-30T07:38:50,64.757,0.71435546875,633,211434,0,0,0,0,18.78,79.0,21.17,27.44,27.5
2026-07-30T07:39:27,67.679,1.66162109375,647,211474,0,0,0,0,18.83,79.0,21.17,27.44,27.5
2026-07-30T07:40:04,66.218,1.26806640625,655,211515,0,0,0,0,18.83,79.0,21.18,27.44,27.5
2026-07-30T07:40:41,65.731,0.9794921875,634,211545,0,0,0,0,18.83,79.0,21.18,27.44,27.5
2026-07-30T07:41:19,66.705,1.30126953125,640,211585,0,0,0,0,18.83,79.0,21.18,27.44,27.5
2026-07-30T07:41:56,67.192,1.416015625,633,211626,0,0,0,0,18.89,79.0,21.18,27.44,27.5
2026-07-30T07:42:33,66.218,0.9140625,640,211657,0,0,0,0,18.89,79.0,21.18,27.44,27.5
2026-07-30T07:43:11,66.218,0.685546875,639,211697,0,0,0,0,18.94,79.0,21.19,27.44,27.5
2026-07-30T07:43:48,68.166,1.05029296875,643,211738,0,0,0,0,18.94,79.0,21.19,27.44,27.5
2026-07-30T07:44:25,64.757,1.2236328125,646,211778,0,0,0,0,18.94,79.0,21.19,27.44,27.5
2026-07-30T07:45:02,64.757,0.814453125,634,211808,0,0,0,0,19.0,79.0,21.17,27.44,27.5
2026-07-30T07:45:40,66.218,0.833984375,641,211849,0,0,0,0,19.0,79.0,21.17,27.44,27.5
2026-07-30T07:46:17,66.705,1.4619140625,651,211889,0,0,0,0,19.0,79.0,21.18,27.44,27.5
2026-07-30T07:46:54,67.192,1.02783203125,653,211920,0,0,0,0,19.06,79.0,21.18,27.44,27.5
2026-07-30T07:47:32,66.705,1.1455078125,627,211960,0,0,0,0,19.06,79.0,21.18,27.44,27.5
2026-07-30T07:48:09,67.192,2.18701171875,647,212001,0,0,0,0,19.11,79.0,21.19,27.44,27.5
2026-07-30T07:48:46,66.218,2.576171875,632,212031,0,0,0,0,19.11,79.0,21.19,27.44,27.5
2026-07-30T07:49:23,66.705,1.53369140625,641,212071,0,0,0,0,19.11,79.0,21.18,27.44,27.5
2026-07-30T07:50:01,65.731,0.9892578125,655,212112,0,0,0,0,19.17,78.0,21.19,27.44,27.5
2026-07-30T07:50:38,66.705,1.7900390625,648,212142,0,0,0,0,19.17,78.0,21.19,27.44,27.5
2026-07-30T07:51:15,66.705,1.3115234375,638,212183,0,0,0,0,19.22,78.0,21.18,27.44,27.5
2026-07-30T07:51:53,65.731,0.85400390625,636,212223,0,0,0,0,19.22,78.0,21.18,27.44,27.5
2026-07-30T07:52:30,66.218,0.9052734375,634,212254,0,0,0,0,19.28,78.0,21.18,27.44,27.5
2026-07-30T07:53:07,66.705,1.68994140625,653,212294,0,0,0,0,19.28,78.0,21.17,27.44,27.5
2026-07-30T07:53:44,64.757,1.04833984375,641,212335,0,0,0,0,19.33,78.0,21.17,27.44,27.5
2026-07-30T07:54:22,65.244,0.76123046875,633,212365,0,0,0,0,19.33,78.0,21.18,27.44,27.5
2026-07-30T07:54:59,67.192,1.11962890625,644,212405,0,0,0,0,19.33,78.0,21.19,27.44,27.5
2026-07-30T07:55:36,66.218,1.24853515625,648,212446,0,0,0,0,19.39,78.0,21.19,27.44,27.5
2026-07-30T07:56:14,66.218,0.99267578125,649,212476,0,0,0,0,19.44,78.0,21.19,27.44,27.5
2026-07-30T07:56:51,65.731,0.810546875,644,212517,0,0,0,0,19.44,78.0,21.19,27.44,27.5
2026-07-30T07:57:28,66.705,1.35009765625,630,212557,0,0,0,0,19.44,77.0,21.19,27.44,27.5
2026-07-30T07:58:05,65.731,0.8818359375,653,212598,0,0,0,0,19.5,77.0,21.18,27.44,27.5
2026-07-30T07:58:43,65.244,0.60107421875,644,212628,0,0,0,0,19.56,77.0,21.18,27.44,27.5
2026-07-30T07:59:20,66.218,0.83154296875,638,212669,0,0,0,0,19.56,77.0,21.18,27.44,27.5
2026-07-30T07:59:57,66.705,1.2900390625,632,212709,0,0,0,0,19.61,76.0,21.18,27.44,27.5
2026-07-30T08:00:34,66.705,0.9697265625,638,212740,0,0,0,0,19.61,76.0,21.18,27.44,27.5
2026-07-30T08:01:12,64.757,0.63818359375,639,212780,0,0,0,0,19.67,77.0,21.18,27.44,27.5
2026-07-30T08:01:49,66.705,1.42919921875,639,212821,0,0,0,0,19.67,77.0,21.18,27.44,27.5
2026-07-30T08:02:26,66.705,1.09521484375,657,212851,0,0,0,0,19.72,77.0,21.18,27.44,27.5
2026-07-30T08:03:04,66.218,0.67333984375,636,212892,0,0,0,0,19.78,77.0,21.18,27.44,27.5
2026-07-30T08:03:41,66.218,0.81201171875,637,212932,0,0,0,0,19.78,76.0,21.18,27.44,27.5
2026-07-30T08:04:18,67.192,1.69189453125,640,212963,0,0,0,0,19.83,76.0,21.19,27.44,27.5
2026-07-30T08:04:55,67.192,1.1552734375,654,213003,0,0,0,0,19.83,76.0,21.19,27.44,27.5
2026-07-30T08:05:33,66.218,0.85400390625,637,213044,0,0,0,0,19.89,76.0,21.18,27.44,27.5
2026-07-30T08:06:10,66.218,1.5029296875,642,213074,0,0,0,0,19.94,76.0,21.19,27.44,27.5
2026-07-30T08:06:47,67.679,1.50146484375,632,213114,0,0,0,0,19.94,76.0,21.19,27.44,27.5
2026-07-30T08:07:25,65.244,1.1767578125,634,213155,0,0,0,0,19.94,76.0,21.18,27.44,27.5
2026-07-30T08:08:02,65.731,1.02001953125,634,213185,0,0,0,0,20.0,76.0,21.18,27.44,27.5
2026-07-30T08:08:39,67.192,2.61474609375,645,213226,0,0,0,0,20.06,76.0,21.18,27.44,27.5
2026-07-30T08:09:16,66.705,1.974609375,661,213266,0,0,0,0,20.06,75.0,21.19,27.44,27.5
2026-07-30T08:09:54,65.731,1.5419921875,638,213297,0,0,0,0,20.11,75.0,21.19,27.44,27.5
2026-07-30T08:10:31,66.218,1.2314453125,640,213337,0,0,0,0,20.11,75.0,21.18,27.44,27.5
2026-07-30T08:11:08,66.705,1.5654296875,647,213378,0,0,0,0,20.17,75.0,21.18,27.44,27.5
2026-07-30T08:11:46,66.218,1.064453125,644,213418,0,0,0,0,20.22,75.0,21.18,27.44,27.5
2026-07-30T08:12:23,64.757,0.84912109375,641,213449,0,0,0,0,20.28,75.0,21.18,27.44,27.5
2026-07-30T08:13:00,66.705,1.07080078125,636,213489,0,0,0,0,20.28,74.0,21.18,27.44,27.5
2026-07-30T08:13:37,65.244,1.19873046875,643,213530,0,0,0,0,20.33,74.0,21.18,27.44,27.5
2026-07-30T08:14:15,67.679,0.7998046875,638,213560,0,0,0,0,20.39,74.0,21.18,27.44,27.5
2026-07-30T08:14:52,66.705,0.7607421875,653,213600,0,0,0,0,20.39,74.0,21.18,27.44,27.5
2026-07-30T08:15:29,67.192,1.482421875,641,213641,0,0,0,0,20.44,74.0,21.18,27.44,27.5
2026-07-30T08:16:06,66.218,0.97802734375,660,213671,0,0,0,0,20.5,74.0,21.18,27.44,27.5
2026-07-30T08:16:44,64.757,0.58056640625,636,213712,0,0,0,0,20.56,74.0,21.18,27.44,27.5
2026-07-30T08:17:21,66.218,1.2470703125,637,213752,0,0,0,0,20.56,74.0,21.18,27.44,27.21
2026-07-30T08:17:58,66.218,2.21337890625,649,213783,0,0,0,0,20.61,74.0,21.18,27.44,27.21
2026-07-30T08:18:36,65.731,1.37109375,648,213823,0,0,0,0,20.67,74.0,21.18,27.24,27.21
2026-07-30T08:19:13,65.731,0.88623046875,633,213864,0,0,0,0,20.72,74.0,21.18,27.24,27.21
2026-07-30T08:19:50,66.218,1.61279296875,644,213894,0,0,0,0,20.78,73.0,21.18,27.24,27.21
2026-07-30T08:20:28,66.218,1.5458984375,642,213935,0,0,0,0,20.83,73.0,21.18,27.24,27.21
2026-07-30T08:21:05,66.218,1.02490234375,653,213975,0,0,0,0,20.83,73.0,21.18,27.24,27.21
2026-07-30T08:21:42,65.244,0.61962890625,653,214005,0,0,0,0,20.89,73.0,21.18,27.24,27.21
2026-07-30T08:22:19,66.705,1.87548828125,641,214046,0,0,0,0,20.94,72.0,21.18,27.24,27.21
2026-07-30T08:22:57,66.218,1.3701171875,645,214087,0,0,0,0,21.0,72.0,21.18,27.24,27.26
2026-07-30T08:23:34,65.244,1.04541015625,634,214117,0,0,0,0,21.06,72.0,21.18,27.24,27.26
2026-07-30T08:24:11,67.192,0.94921875,643,214157,0,0,0,0,21.06,72.0,21.19,27.24,27.26
2026-07-30T08:24:49,68.166,1.11376953125,657,214198,0,0,0,0,21.17,71.0,21.19,27.24,27.26
2026-07-30T08:25:26,66.705,0.7412109375,638,214238,0,0,0,0,21.17,71.0,21.19,27.24,27.26
2026-07-30T08:26:03,65.731,0.751953125,640,214269,0,0,0,0,21.28,71.0,21.18,27.24,27.26
2026-07-30T08:26:40,68.166,1.38671875,648,214309,0,0,0,0,21.28,71.0,21.18,27.24,27.26
2026-07-30T08:27:18,66.218,1.05517578125,653,214350,0,0,0,0,21.33,72.0,21.18,27.24,27.26
2026-07-30T08:27:55,64.27,0.8125,642,214380,0,0,0,0,21.39,72.0,21.18,27.24,27.26
2026-07-30T08:28:32,67.192,0.8037109375,639,214421,0,0,0,0,21.44,72.0,21.18,27.24,27.26
2026-07-30T08:29:09,66.705,2.3505859375,639,214461,0,0,0,0,21.5,71.0,21.18,27.24,27.26
2026-07-30T08:29:47,66.705,2.12158203125,646,214492,0,0,0,0,21.56,71.0,21.18,27.24,27.26
2026-07-30T08:30:24,65.244,1.44580078125,648,214532,0,0,0,0,21.61,71.0,21.18,27.24,27.26
2026-07-30T08:31:01,68.653,1.818359375,641,214573,0,0,0,0,21.67,71.0,21.19,27.24,27.26
2026-07-30T08:31:39,66.218,2.0439453125,664,214603,0,0,0,0,21.72,71.0,21.19,27.24,27.26
2026-07-30T08:32:16,66.218,1.2265625,629,214644,0,0,0,0,21.78,71.0,21.18,27.24,27.26
2026-07-30T08:32:53,66.218,1.03076171875,653,214684,0,0,0,0,21.83,71.0,21.18,27.24,27.26
2026-07-30T08:33:31,67.192,2.15478515625,643,214715,0,0,0,0,21.89,71.0,21.18,27.24,27.26
2026-07-30T08:34:08,68.166,1.38525390625,661,214755,0,0,0,0,21.94,71.0,21.18,27.24,27.26
2026-07-30T08:34:45,67.192,0.82177734375,629,214795,0,0,0,0,22.06,71.0,21.18,27.24,27.26
2026-07-30T08:35:22,67.192,1.0458984375,643,214826,0,0,0,0,22.11,71.0,21.19,27.24,27.26
2026-07-30T08:36:00,66.705,1.3291015625,635,214866,0,0,0,0,22.17,71.0,21.18,27.24,27.26
2026-07-30T08:36:37,66.705,1.06787109375,641,214907,0,0,0,0,22.22,71.0,21.18,27.24,27.26
2026-07-30T08:37:14,66.218,0.771484375,647,214937,0,0,0,0,22.28,71.0,21.19,27.24,27.26
2026-07-30T08:37:52,68.166,1.1982421875,643,214978,0,0,0,0,22.33,71.0,21.19,27.24,27.26
2026-07-30T08:38:29,66.218,1.1396484375,641,215018,0,0,0,0,22.44,69.0,21.18,27.24,27.26
2026-07-30T08:39:06,65.244,0.8056640625,647,215059,0,0,0,0,22.5,69.0,21.19,27.24,27.26
2026-07-30T08:39:43,67.192,0.7568359375,659,215089,0,0,0,0,22.56,67.0,21.19,27.24,27.26
2026-07-30T08:40:21,67.679,1.30224609375,672,215130,0,0,0,0,22.67,68.0,21.19,27.24,27.26
2026-07-30T08:40:58,65.731,0.8408203125,652,215170,0,0,0,0,22.72,67.0,21.19,27.24,27.26
2026-07-30T08:41:35,65.731,0.66357421875,638,215201,0,0,0,0,22.83,65.0,21.18,27.24,27.26
2026-07-30T08:42:13,67.679,0.89599609375,646,215241,0,0,0,0,22.89,65.0,21.19,27.24,27.26
2026-07-30T08:42:50,67.192,1.35009765625,656,215282,0,0,0,0,23.06,65.0,21.19,27.24,27.26
2026-07-30T08:43:27,66.705,1.16943359375,643,215312,0,0,0,0,23.17,66.0,21.19,27.24,27.26
2026-07-30T08:44:04,66.705,1.03955078125,660,215353,0,0,0,0,23.22,65.0,21.18,27.24,27.26
2026-07-30T08:44:42,69.627,1.62646484375,647,215393,0,0,0,0,23.33,65.0,21.18,27.24,27.26
2026-07-30T08:45:19,67.679,1.57275390625,641,215424,0,0,0,0,23.44,64.0,21.19,27.24,27.26
2026-07-30T08:45:56,66.218,1.10400390625,647,215464,0,0,0,0,23.5,63.0,21.19,27.24,27.26
2026-07-30T08:46:34,68.166,1.24072265625,645,215505,0,0,0,0,23.61,63.0,21.18,27.24,27.26
2026-07-30T08:47:11,68.166,2.0869140625,658,215535,0,0,0,0,23.72,61.0,21.19,27.24,27.26
2026-07-30T08:47:48,67.679,1.6953125,642,215575,0,0,0,0,23.78,63.0,21.19,27.24,27.26
2026-07-30T08:48:25,66.705,1.38525390625,643,215616,0,0,0,0,23.89,61.0,21.18,27.24,27.26
2026-07-30T08:49:03,67.192,2.15380859375,648,215646,0,0,0,0,23.94,61.0,21.19,27.24,27.26
2026-07-30T08:49:40,66.218,1.921875,663,215687,0,0,0,0,24.06,60.0,21.19,27.24,27.26
2026-07-30T08:50:17,67.192,2.0615234375,641,215727,0,0,0,0,24.11,61.0,21.19,27.24,27.26
2026-07-30T08:50:55,67.679,2.228515625,658,215758,0,0,0,0,24.22,61.0,21.19,27.24,27.26
2026-07-30T08:51:32,68.166,3.08349609375,649,215798,0,0,0,0,24.28,59.0,21.19,27.24,27.26
2026-07-30T08:52:09,66.705,2.02587890625,665,215839,0,0,0,0,24.33,60.0,21.18,27.24,27.26
2026-07-30T08:52:46,66.705,1.525390625,647,215869,0,0,0,0,24.39,59.0,21.18,27.24,27.26
2026-07-30T08:53:24,68.653,1.17529296875,647,215910,0,0,0,0,24.44,59.0,21.19,27.24,27.26
2026-07-30T08:54:01,67.192,1.3515625,637,215951,0,0,0,0,24.56,59.0,21.18,27.24,27.26
2026-07-30T08:54:38,66.705,0.9609375,645,215991,0,0,0,0,24.61,59.0,21.18,27.24,27.26
2026-07-30T08:55:15,66.218,0.83447265625,643,216021,0,0,0,0,24.67,58.0,21.19,27.24,27.26
2026-07-30T08:55:53,69.627,1.57470703125,649,216062,0,0,0,0,24.72,58.0,21.19,27.24,27.26
2026-07-30T08:56:30,66.705,1.1943359375,664,216102,0,0,0,0,24.78,58.0,21.19,27.24,27.26
2026-07-30T08:57:07,67.192,0.9345703125,644,216133,0,0,0,0,24.89,58.0,21.19,27.24,27.26
2026-07-30T08:57:45,68.166,1.04833984375,649,216173,0,0,0,0,24.94,59.0,21.19,27.24,27.26
2026-07-30T08:58:22,68.166,1.4765625,657,216214,0,0,0,0,25.0,59.0,21.19,27.24,27.26
2026-07-30T08:58:59,68.166,0.96142578125,655,216244,0,0,0,0,25.06,59.0,21.19,27.24,27.26
2026-07-30T08:59:36,68.166,0.61474609375,663,216285,0,0,0,0,25.11,57.0,21.18,27.24,27.26
2026-07-30T09:00:14,67.679,1.42626953125,647,216325,0,0,0,0,25.17,57.0,21.19,27.24,27.26
2026-07-30T09:00:51,68.166,1.3916015625,639,216356,0,0,0,0,25.22,56.0,21.19,27.24,27.26
2026-07-30T09:01:28,67.192,0.919921875,638,216396,0,0,0,0,25.28,56.0,21.18,27.24,27.26
2026-07-30T09:02:06,69.14,0.75634765625,655,216437,0,0,0,0,25.39,55.0,21.19,27.24,27.26
2026-07-30T09:02:43,69.627,1.5361328125,646,216467,0,0,0,0,25.39,55.0,21.19,27.24,27.26
2026-07-30T09:03:20,66.705,1.16064453125,665,216507,0,0,0,0,25.44,56.0,21.19,27.24,27.26
2026-07-30T09:03:57,66.218,0.87548828125,630,216548,0,0,0,0,25.5,56.0,21.19,27.24,27.26
2026-07-30T09:04:35,68.653,1.5625,652,216578,0,0,0,0,25.61,56.0,21.19,27.24,27.26
2026-07-30T09:05:12,68.653,1.47900390625,659,216619,0,0,0,0,25.67,56.0,21.19,27.24,27.26
2026-07-30T09:05:49,67.192,1.314453125,655,216659,0,0,0,0,25.72,55.0,21.19,27.24,27.26
2026-07-30T09:06:27,66.705,1.650390625,643,216690,0,0,0,0,25.78,54.0,21.19,27.24,27.26
2026-07-30T09:07:04,68.653,1.748046875,640,216730,0,0,0,0,25.83,54.0,21.18,27.24,27.26
2026-07-30T09:07:41,67.192,1.642578125,652,216771,0,0,0,0,25.89,54.0,21.18,27.24,27.26
2026-07-30T09:08:18,66.705,1.2783203125,634,216801,0,0,0,0,25.94,54.0,21.19,27.24,27.26
2026-07-30T09:08:56,67.679,1.06201171875,649,216842,0,0,0,0,26.0,54.0,21.19,27.24,27.26
2026-07-30T09:09:33,69.627,1.5126953125,661,216882,0,0,0,0,26.06,54.0,21.18,27.24,27.26
2026-07-30T09:10:10,68.166,0.84228515625,640,216923,0,0,0,0,26.11,56.0,21.19,27.24,27.26
2026-07-30T09:10:48,67.192,1.75830078125,637,216953,0,0,0,0,26.17,56.0,21.19,27.24,27.26
2026-07-30T09:11:25,69.14,2.5595703125,639,216993,0,0,0,0,26.22,53.0,21.19,27.24,27.26
2026-07-30T09:12:02,68.166,3.060546875,667,217034,0,0,0,0,26.28,53.0,21.19,27.24,27.26
2026-07-30T09:12:39,68.166,2.447265625,650,217064,0,0,0,0,26.28,55.0,21.19,27.24,27.26
2026-07-30T09:13:17,66.705,1.44873046875,636,217105,0,0,0,0,26.33,55.0,21.19,27.24,27.26
2026-07-30T09:13:54,67.679,2.10009765625,643,217145,0,0,0,0,26.39,55.0,21.19,27.24,27.26
2026-07-30T09:14:31,67.679,1.56005859375,646,217176,0,0,0,0,26.44,53.0,21.19,27.24,27.26
2026-07-30T09:15:08,66.705,0.8662109375,655,217216,0,0,0,0,26.44,54.0,21.19,27.43,27.26
2026-07-30T09:15:46,68.653,1.025390625,636,217256,0,0,0,0,26.5,52.0,21.19,27.43,27.26
2026-07-30T09:16:23,68.166,1.76611328125,640,217287,0,0,0,0,26.5,52.0,21.18,27.43,27.26
2026-07-30T09:17:00,68.166,1.302734375,650,217327,0,0,0,0,26.56,54.0,21.19,27.43,27.26
2026-07-30T09:17:38,66.705,0.82763671875,650,217368,0,0,0,0,26.61,53.0,21.19,27.43,27.47
2026-07-30T09:18:15,67.679,1.4990234375,645,217398,0,0,0,0,26.61,53.0,21.19,27.43,27.47
2026-07-30T09:18:52,68.653,1.08935546875,648,217439,0,0,0,0,26.67,53.0,21.19,27.43,27.47
2026-07-30T09:19:29,67.192,0.79296875,633,217479,0,0,0,0,26.72,53.0,21.19,27.43,27.47
2026-07-30T09:20:07,66.218,0.6376953125,640,217510,0,0,0,0,26.72,53.0,21.18,27.43,27.47
2026-07-30T09:20:44,70.114,1.26171875,652,217550,0,0,0,0,26.78,53.0,21.18,27.43,27.47
2026-07-30T09:21:21,68.166,1.06005859375,658,217591,0,0,0,0,26.78,52.0,21.19,27.43,27.47
2026-07-30T09:21:59,68.166,0.85205078125,637,217631,0,0,0,0,26.83,52.0,21.19,27.43,27.47
2026-07-30T09:22:36,67.679,0.8583984375,647,217662,0,0,0,0,26.89,51.0,21.19,27.43,27.47
2026-07-30T09:23:13,68.166,1.1845703125,632,217702,0,0,0,0,26.89,51.0,21.19,27.43,27.47
2026-07-30T09:23:50,67.192,0.77392578125,637,217743,0,0,0,0,26.94,51.0,21.19,27.43,27.47
2026-07-30T09:24:28,68.166,0.80078125,652,217773,0,0,0,0,27.0,51.0,21.19,27.43,27.47
2026-07-30T09:25:05,69.14,1.419921875,642,217814,0,0,0,0,27.0,52.0,21.19,27.43,27.47
2026-07-30T09:25:42,66.705,1.0517578125,646,217854,0,0,0,0,27.06,52.0,21.19,27.43,27.47
2026-07-30T09:26:20,68.166,0.77001953125,632,217885,0,0,0,0,27.11,51.0,21.19,27.43,27.47
2026-07-30T09:26:57,68.166,0.74951171875,641,217925,0,0,0,0,27.11,51.0,21.19,27.43,27.47
2026-07-30T09:27:34,68.166,1.70849609375,649,217966,0,0,0,0,27.17,51.0,21.19,27.43,27.47
2026-07-30T09:28:12,67.679,1.169921875,661,217996,0,0,0,0,27.22,51.0,21.2,27.43,27.47
2026-07-30T09:28:49,66.218,0.6611328125,638,218037,0,0,0,0,27.22,51.0,21.2,27.43,27.47
2026-07-30T09:29:26,68.653,1.5009765625,647,218077,0,0,0,0,27.28,50.0,21.2,27.43,27.47
2026-07-30T09:30:03,68.166,1.568359375,638,218108,0,0,0,0,27.28,50.0,21.2,27.43,27.47
2026-07-30T09:30:41,68.166,0.92919921875,638,218148,0,0,0,0,27.33,50.0,21.2,27.43,27.47
2026-07-30T09:31:18,68.166,0.7900390625,659,218189,0,0,0,0,27.33,50.0,21.2,27.43,27.47
2026-07-30T09:31:55,70.114,1.97119140625,641,218219,0,0,0,0,27.39,51.0,21.2,27.43,27.47
2026-07-30T09:32:33,67.679,2.00634765625,646,218260,0,0,0,0,27.44,51.0,21.2,27.43,27.47
2026-07-30T09:33:10,68.166,1.40380859375,643,218300,0,0,0,0,27.44,51.0,21.2,27.43,27.47
2026-07-30T09:33:47,68.653,1.158203125,645,218330,0,0,0,0,27.5,50.0,21.2,27.43,27.47
2026-07-30T09:34:24,67.679,1.1826171875,647,218371,0,0,0,0,27.56,50.0,21.19,27.43,27.47
2026-07-30T09:35:02,68.166,0.87109375,642,218412,0,0,0,0,27.56,50.0,21.2,27.43,27.47
2026-07-30T09:35:39,68.166,0.859375,634,218442,0,0,0,0,27.56,50.0,21.2,27.43,27.47
2026-07-30T09:36:16,68.166,0.91357421875,638,218482,0,0,0,0,27.61,52.0,21.2,27.43,27.47
2026-07-30T09:36:53,67.679,1.29296875,648,218523,0,0,0,0,27.67,52.0,21.2,27.43,27.47
2026-07-30T09:37:31,68.166,0.8095703125,648,218563,0,0,0,0,27.67,50.0,21.2,27.43,27.47
2026-07-30T09:38:08,67.192,0.689453125,661,218594,0,0,0,0,27.72,51.0,21.2,27.43,27.47
2026-07-30T09:38:45,70.601,1.619140625,646,218634,0,0,0,0,27.78,51.0,21.2,27.43,27.47
2026-07-30T09:39:23,68.166,0.96240234375,659,218675,0,0,0,0,27.78,51.0,21.21,27.43,27.47
2026-07-30T09:40:00,67.679,0.64501953125,641,218705,0,0,0,0,27.83,49.0,21.21,27.43,27.47
2026-07-30T09:40:37,68.166,0.79248046875,641,218746,0,0,0,0,27.83,48.0,21.21,27.43,27.47
2026-07-30T09:41:15,69.14,1.47119140625,632,218786,0,0,0,0,27.89,48.0,21.21,27.43,27.47
2026-07-30T09:41:52,68.166,1.015625,649,218817,0,0,0,0,27.94,49.0,21.21,27.43,27.47
2026-07-30T09:42:29,67.679,0.64501953125,641,218857,0,0,0,0,28.0,49.0,21.2,27.43,27.47
2026-07-30T09:43:06,69.627,1.564453125,646,218898,0,0,0,0,28.0,48.0,21.22,27.43,27.47
2026-07-30T09:43:44,67.679,1.4345703125,658,218928,0,0,0,0,28.06,48.0,21.22,27.43,27.47
2026-07-30T09:44:21,67.192,0.8505859375,653,218969,0,0,0,0,28.06,48.0,21.2,27.43,27.47
2026-07-30T09:44:58,69.627,0.80517578125,647,219009,0,0,0,0,28.11,48.0,21.2,27.43,27.47
2026-07-30T09:45:35,69.14,1.5166015625,650,219039,0,0,0,0,28.17,48.0,21.2,27.43,27.47
2026-07-30T09:46:13,68.166,1.32177734375,661,219080,0,0,0,0,28.22,48.0,21.22,27.43,27.47
2026-07-30T09:46:50,67.679,0.9638671875,658,219120,0,0,0,0,28.28,49.0,21.22,27.43,27.47
2026-07-30T09:47:27,68.166,1.16015625,641,219151,0,0,0,0,28.28,49.0,21.22,27.43,27.47
2026-07-30T09:48:05,68.166,1.14013671875,634,219191,0,0,0,0,28.33,49.0,21.22,27.43,27.47
2026-07-30T09:48:42,67.679,0.81689453125,634,219232,0,0,0,0,28.39,47.0,21.22,27.43,27.47
2026-07-30T09:49:19,69.14,0.7470703125,643,219262,0,0,0,0,28.39,48.0,21.21,27.43,27.47
2026-07-30T09:49:57,70.114,1.33984375,643,219303,0,0,0,0,28.44,47.0,21.21,27.43,27.47
2026-07-30T09:50:34,69.14,1.2900390625,673,219343,0,0,0,0,28.44,47.0,21.22,27.43,27.47
2026-07-30T09:51:11,68.166,0.84912109375,634,219384,0,0,0,0,28.56,47.0,21.22,27.43,27.47
2026-07-30T09:51:48,68.653,0.869140625,645,219414,0,0,0,0,28.56,47.0,21.22,27.43,27.47
2026-07-30T09:52:26,68.653,1.935546875,652,219455,0,0,0,0,28.61,46.0,21.22,27.43,27.47
2026-07-30T09:53:03,69.14,1.94482421875,653,219495,0,0,0,0,28.67,46.0,21.22,27.43,27.47
2026-07-30T09:53:40,67.192,1.6748046875,654,219525,0,0,0,0,28.67,47.0,21.22,27.43,27.47
2026-07-30T09:54:18,70.114,2.07666015625,643,219566,0,0,0,0,28.67,46.0,21.22,27.43,27.47
2026-07-30T09:54:55,68.653,1.70751953125,645,219607,0,0,0,0,28.72,46.0,21.22,27.43,27.47
2026-07-30T09:55:32,67.679,1.08642578125,643,219637,0,0,0,0,28.78,46.0,21.21,27.43,27.67
2026-07-30T09:56:09,67.679,0.689453125,655,219677,0,0,0,0,28.78,46.0,21.23,27.43,27.67
2026-07-30T09:56:47,70.601,1.54638671875,668,219718,0,0,0,0,28.83,47.0,21.23,27.43,27.67
2026-07-30T09:57:24,67.679,1.19921875,662,219748,0,0,0,0,28.83,47.0,21.22,27.43,27.67
2026-07-30T09:58:01,68.166,0.7685546875,637,219789,0,0,0,0,28.89,47.0,21.22,27.43,27.67
2026-07-30T09:58:39,70.601,1.294921875,644,219829,0,0,0,0,28.89,47.0,21.22,27.43,27.67
2026-07-30T09:59:16,68.653,1.45556640625,650,219860,0,0,0,0,28.94,47.0,21.22,27.43,27.67
2026-07-30T09:59:53,68.653,0.9658203125,653,219900,0,0,0,0,28.94,47.0,21.22,27.43,27.67
2026-07-30T10:00:30,68.166,0.72802734375,627,219941,0,0,0,0,29.0,47.0,21.22,27.43,27.67
2026-07-30T10:01:08,70.114,1.30859375,633,219971,0,0,0,0,29.0,46.0,21.21,27.43,27.67
2026-07-30T10:01:45,67.679,1.119140625,629,220012,0,0,0,0,29.06,46.0,21.21,27.71,27.67
2026-07-30T10:02:22,68.166,0.791015625,623,220052,0,0,0,0,29.06,47.0,21.22,27.71,27.67
2026-07-30T10:03:00,68.653,1.0146484375,640,220083,0,0,0,0,29.06,48.0,21.22,27.71,27.67
2026-07-30T10:03:37,70.114,1.51708984375,644,220123,0,0,0,0,29.11,47.0,21.2,27.71,27.67
2026-07-30T10:04:14,69.14,0.919921875,628,220164,0,0,0,0,29.17,47.0,21.22,27.71,27.67
2026-07-30T10:04:51,67.679,0.72509765625,625,220204,0,0,0,0,29.17,47.0,21.22,27.71,27.67
2026-07-30T10:05:29,70.114,1.41650390625,622,220235,0,0,0,0,29.22,46.0,21.21,27.71,27.67
2026-07-30T10:06:06,68.653,1.38623046875,655,220275,0,0,0,0,29.22,46.0,21.22,27.71,27.67
2026-07-30T10:06:43,68.166,0.84130859375,617,220316,0,0,0,0,29.22,46.0,21.22,27.71,27.67
2026-07-30T10:07:21,67.679,0.794921875,630,220346,0,0,0,0,29.28,46.0,21.23,27.71,27.67
2026-07-30T10:07:58,69.627,1.4091796875,640,220387,0,0,0,0,29.28,45.0,21.23,27.71,27.67
2026-07-30T10:08:35,68.653,0.8466796875,662,220427,0,0,0,0,29.28,45.0,21.22,27.71,27.67
2026-07-30T10:09:12,68.653,0.64306640625,636,220457,0,0,0,0,29.33,46.0,21.22,27.71,27.67
2026-07-30T10:09:50,70.114,0.73681640625,644,220498,0,0,0,0,29.33,45.0,21.22,27.71,27.67
2026-07-30T10:10:27,69.14,1.63916015625,643,220538,0,0,0,0,29.33,47.0,21.22,27.71,27.67
2026-07-30T10:11:04,67.192,1.123046875,641,220569,0,0,0,0,29.44,47.0,21.23,27.71,27.67
2026-07-30T10:11:41,67.679,0.697265625,643,220609,0,0,0,0,29.44,46.0,21.23,27.71,27.67
2026-07-30T10:12:19,69.627,1.283203125,645,220650,0,0,0,0,29.44,45.0,21.23,27.71,27.67
2026-07-30T10:12:56,69.627,1.06982421875,662,220680,0,0,0,0,29.5,45.0,21.23,27.71,27.67
2026-07-30T10:13:33,69.14,1.3251953125,633,220721,0,0,0,0,29.5,45.0,21.21,27.71,27.67
2026-07-30T10:14:11,69.627,1.78271484375,651,220761,0,0,0,0,29.56,45.0,21.22,27.8,27.67
2026-07-30T10:14:48,69.627,2.0087890625,648,220791,0,0,0,0,29.56,45.0,21.22,27.8,27.67
2026-07-30T10:15:25,69.14,1.47119140625,666,220832,0,0,0,0,29.61,45.0,21.23,27.8,27.67
2026-07-30T10:16:02,67.679,0.9755859375,630,220872,0,0,0,0,29.67,45.0,21.23,27.8,27.81
2026-07-30T10:16:40,70.114,1.03125,650,220903,0,0,0,0,29.67,46.0,21.23,27.8,27.81
2026-07-30T10:17:17,67.679,1.2021484375,642,220943,0,0,0,0,29.67,45.0,21.23,27.8,27.81
2026-07-30T10:17:54,68.653,0.81494140625,643,220984,0,0,0,0,29.72,45.0,21.23,27.8,27.81
2026-07-30T10:18:32,67.192,0.62109375,661,221024,0,0,0,0,29.72,44.0,21.22,27.8,27.81
2026-07-30T10:19:09,70.114,0.94482421875,642,221055,0,0,0,0,29.78,43.0,21.23,27.8,27.81
2026-07-30T10:19:46,68.166,1.1708984375,642,221095,0,0,0,0,29.83,45.0,21.23,27.8,27.81
2026-07-30T10:20:23,67.679,0.80078125,643,221136,0,0,0,0,29.83,45.0,21.22,27.8,27.81
2026-07-30T10:21:01,70.114,0.98291015625,648,221166,0,0,0,0,29.89,46.0,21.22,27.8,27.81
2026-07-30T10:21:38,69.14,1.78173828125,653,221206,0,0,0,0,29.89,45.0,21.23,27.8,27.81
2026-07-30T10:22:15,69.14,1.013671875,640,221247,0,0,0,0,29.94,45.0,21.22,27.8,27.81
2026-07-30T10:22:53,67.192,0.6708984375,630,221277,0,0,0,0,30.0,45.0,21.22,27.8,27.81
2026-07-30T10:23:30,69.627,0.98876953125,643,221318,0,0,0,0,30.0,44.0,21.22,27.8,27.81
2026-07-30T10:24:07,69.14,1.453125,653,221358,0,0,0,0,30.06,44.0,21.23,27.8,27.81
2026-07-30T10:24:44,69.14,1.0205078125,644,221389,0,0,0,0,30.06,44.0,21.23,27.8,27.81
2026-07-30T10:25:22,68.166,0.6640625,651,221429,0,0,0,0,30.11,44.0,21.23,27.8,27.81
2026-07-30T10:25:59,69.627,1.46875,653,221470,0,0,0,0,30.17,45.0,21.23,27.8,27.81
2026-07-30T10:26:36,68.653,1.08447265625,645,221500,0,0,0,0,30.17,44.0,21.23,27.8,27.81
2026-07-30T10:27:14,67.679,0.6357421875,643,221541,0,0,0,0,30.22,44.0,21.23,27.8,27.81
2026-07-30T10:27:51,70.114,1.55615234375,640,221581,0,0,0,0,30.22,44.0,21.23,27.8,27.81
2026-07-30T10:28:28,70.114,1.650390625,655,221612,0,0,0,0,30.28,44.0,21.23,27.8,27.81
2026-07-30T10:29:05,69.14,1.07275390625,648,221652,0,0,0,0,30.28,44.0,21.22,27.8,27.81
2026-07-30T10:29:43,68.166,0.63818359375,636,221693,0,0,0,0,30.28,44.0,21.22,27.8,27.81
2026-07-30T10:30:20,69.627,1.1025390625,651,221723,0,0,0,0,30.33,43.0,21.22,27.8,27.81
2026-07-30T10:30:57,69.14,1.189453125,646,221764,0,0,0,0,30.33,42.0,21.22,27.8,27.81
2026-07-30T10:31:35,69.627,0.86865234375,645,221804,0,0,0,0,30.39,42.0,21.22,27.8,27.81
2026-07-30T10:32:12,69.627,1.09765625,650,221845,0,0,0,0,30.44,42.0,21.23,27.8,27.81
2026-07-30T10:32:49,71.088,1.349609375,645,221875,0,0,0,0,30.44,43.0,21.23,27.8,27.81
2026-07-30T10:33:26,68.653,0.94970703125,655,221915,0,0,0,0,30.5,42.0,21.23,27.8,27.81
2026-07-30T10:34:04,68.653,1.11962890625,657,221956,0,0,0,0,30.5,42.0,21.24,27.8,27.81
2026-07-30T10:34:41,70.114,1.4931640625,640,221986,0,0,0,0,30.56,43.0,21.24,28.23,27.81
2026-07-30T10:35:18,68.653,1.91943359375,637,222027,0,0,0,0,30.56,43.0,21.23,28.23,28.04
2026-07-30T10:35:56,68.653,1.205078125,636,222067,0,0,0,0,30.61,43.0,21.23,28.23,28.04
2026-07-30T10:36:33,68.166,0.99169921875,639,222098,0,0,0,0,30.61,41.0,21.22,28.23,28.04
2026-07-30T10:37:10,71.088,1.5400390625,640,222138,0,0,0,0,30.67,43.0,21.22,28.23,28.04
2026-07-30T10:37:48,70.114,1.1162109375,657,222179,0,0,0,0,30.67,41.0,21.22,28.23,28.04
2026-07-30T10:38:25,68.653,0.81201171875,644,222209,0,0,0,0,30.72,41.0,21.23,28.23,28.04
2026-07-30T10:39:02,68.653,0.6806640625,638,222250,0,0,0,0,30.72,42.0,21.23,28.23,28.04
2026-07-30T10:39:39,69.14,1.90185546875,644,222290,0,0,0,0,30.78,41.0,21.23,28.23,28.04
2026-07-30T10:40:17,69.14,1.42041015625,658,222320,0,0,0,0,30.78,41.0,21.22,28.23,28.04
2026-07-30T10:40:54,68.166,0.95556640625,652,222361,0,0,0,0,30.78,41.0,21.22,28.23,28.04
2026-07-30T10:41:31,69.14,1.4091796875,644,222401,0,0,0,0,30.83,43.0,21.23,28.23,28.04
2026-07-30T10:42:08,68.166,1.2353515625,637,222432,0,0,0,0,30.83,42.0,21.23,28.23,28.04
2026-07-30T10:42:46,68.166,0.8994140625,634,222472,0,0,0,0,30.89,42.0,21.23,28.23,28.04
2026-07-30T10:43:23,69.627,0.7578125,654,222513,0,0,0,0,30.94,42.0,21.23,28.23,28.04
2026-07-30T10:44:00,69.627,0.99658203125,634,222543,0,0,0,0,30.94,44.0,21.23,28.23,28.04
2026-07-30T10:44:38,70.114,0.9599609375,661,222584,0,0,0,0,30.94,43.0,21.23,28.23,28.04
2026-07-30T10:45:15,68.166,0.72998046875,639,222624,0,0,0,0,31.0,43.0,21.23,28.23,28.04
2026-07-30T10:45:52,69.14,0.95458984375,643,222665,0,0,0,0,31.0,42.0,21.23,28.23,28.04
2026-07-30T10:46:30,69.14,1.1240234375,651,222695,0,0,0,0,31.06,42.0,21.22,28.23,28.04
2026-07-30T10:47:07,69.14,0.83056640625,650,222736,0,0,0,0,31.11,42.0,21.23,28.23,28.04
2026-07-30T10:47:44,67.679,0.67236328125,634,222776,0,0,0,0,31.11,42.0,21.23,28.23,28.04
2026-07-30T10:48:21,70.114,0.97900390625,638,222807,0,0,0,0,31.11,41.0,21.22,28.23,28.04
2026-07-30T10:48:59,68.653,1.12451171875,646,222847,0,0,0,0,31.17,42.0,21.22,28.23,28.04
2026-07-30T10:49:36,68.166,0.68798828125,644,222887,0,0,0,0,31.17,42.0,21.23,28.23,28.04
2026-07-30T10:50:13,69.627,1.2685546875,658,222918,0,0,0,0,31.22,43.0,21.23,28.23,28.04
2026-07-30T10:50:51,69.627,2.1435546875,658,222958,0,0,0,0,31.22,42.0,21.23,28.23,28.04
2026-07-30T10:51:28,69.14,1.39501953125,648,222999,0,0,0,0,31.28,42.0,21.23,28.23,28.04
2026-07-30T10:52:05,67.679,1.02783203125,638,223029,0,0,0,0,31.28,41.0,21.22,28.47,28.04
2026-07-30T10:52:42,69.14,1.31591796875,637,223070,0,0,0,0,31.28,45.0,21.22,28.47,28.04
2026-07-30T10:53:20,69.627,1.85693359375,653,223110,0,0,0,0,31.33,42.0,21.23,28.47,28.31
2026-07-30T10:53:57,68.653,1.12451171875,653,223141,0,0,0,0,31.33,40.0,21.23,28.47,28.31
2026-07-30T10:54:34,67.192,0.91162109375,641,223181,0,0,0,0,31.39,40.0,21.23,28.47,28.31
2026-07-30T10:55:12,70.601,3.12109375,649,223222,0,0,0,0,31.44,41.0,21.22,28.47,28.31
2026-07-30T10:55:49,69.14,2.943359375,643,223252,0,0,0,0,31.44,40.0,21.22,28.47,28.31
2026-07-30T10:56:26,68.653,2.7109375,648,223293,0,0,0,0,31.44,40.0,21.22,28.47,28.31
2026-07-30T10:57:03,70.114,2.55419921875,645,223333,0,0,0,0,31.5,41.0,21.23,28.47,28.31
2026-07-30T10:57:41,70.114,2.48974609375,660,223364,0,0,0,0,31.5,42.0,21.23,28.47,28.31
2026-07-30T10:58:18,70.114,1.6494140625,642,223404,0,0,0,0,31.56,42.0,21.23,28.47,28.31
2026-07-30T10:58:55,67.192,1.048828125,646,223445,0,0,0,0,31.61,42.0,21.23,28.47,28.31
2026-07-30T10:59:32,70.114,1.50732421875,645,223485,0,0,0,0,31.61,40.0,21.22,28.47,28.31
2026-07-30T11:00:10,70.114,1.27392578125,664,223515,0,0,0,0,31.67,40.0,21.22,28.47,28.31
2026-07-30T11:00:47,67.679,0.904296875,633,223556,0,0,0,0,31.72,40.0,21.22,28.47,28.31
2026-07-30T11:01:24,68.653,0.87353515625,651,223596,0,0,0,0,31.72,40.0,21.21,28.47,28.31
2026-07-30T11:02:02,71.088,1.49658203125,646,223627,0,0,0,0,31.78,39.0,21.21,28.47,28.31
2026-07-30T11:02:39,68.166,1.09423828125,656,223667,0,0,0,0,31.83,39.0,21.22,28.47,28.31
2026-07-30T11:03:16,68.166,0.76611328125,636,223708,0,0,0,0,31.83,39.0,21.22,28.47,28.31
2026-07-30T11:03:53,69.627,0.7392578125,639,223738,0,0,0,0,31.89,38.0,21.22,28.47,28.31
2026-07-30T11:04:31,69.627,1.201171875,631,223779,0,0,0,0,31.89,38.0,21.23,28.47,28.31
2026-07-30T11:05:08,68.166,0.76220703125,642,223819,0,0,0,0,31.94,39.0,21.21,28.47,28.31
2026-07-30T11:05:45,68.166,0.52880859375,647,223850,0,0,0,0,32.06,39.0,21.21,28.47,28.31
2026-07-30T11:06:22,69.14,1.5078125,643,223890,0,0,0,0,32.06,39.0,21.21,28.47,28.31
2026-07-30T11:07:00,68.166,1.51171875,640,223931,0,0,0,0,32.11,38.0,21.21,28.47,28.31
2026-07-30T11:07:37,68.653,1.42529296875,636,223961,0,0,0,0,32.17,38.0,21.22,28.47,28.31
2026-07-30T11:08:14,69.14,1.34521484375,660,224001,0,0,0,0,32.22,38.0,21.22,28.51,28.25
2026-07-30T11:08:52,69.627,2.0888671875,650,224042,0,0,0,0,32.28,39.0,21.22,28.51,28.25
2026-07-30T11:09:29,69.14,1.65869140625,655,224072,0,0,0,0,32.28,38.0,21.23,28.51,28.25
2026-07-30T11:10:06,68.166,1.34423828125,640,224113,0,0,0,0,32.28,38.0,21.21,28.51,28.25
2026-07-30T11:10:43,69.14,1.7607421875,638,224153,0,0,0,0,32.33,39.0,21.21,28.51,28.25
2026-07-30T11:11:21,69.627,1.80908203125,643,224184,0,0,0,0,32.39,38.0,21.2,28.51,28.25
2026-07-30T11:11:58,68.653,2.01513671875,643,224224,0,0,0,0,32.39,38.0,21.2,28.51,28.25
2026-07-30T11:12:35,69.14,1.49951171875,660,224265,0,0,0,0,32.44,38.0,21.22,28.51,28.25
2026-07-30T11:13:13,69.627,1.74755859375,638,224305,0,0,0,0,32.44,39.0,21.22,28.51,28.25
2026-07-30T11:13:50,68.653,1.32080078125,642,224336,0,0,0,0,32.5,38.0,21.22,28.51,28.25
2026-07-30T11:14:27,68.653,1.0498046875,638,224376,0,0,0,0,32.5,39.0,21.23,28.51,28.25
2026-07-30T11:15:04,71.088,1.10595703125,644,224417,0,0,0,0,32.56,39.0,21.23,28.51,28.25
2026-07-30T11:15:42,70.114,1.5693359375,645,224447,0,0,0,0,32.56,41.0,21.23,28.51,28.25
2026-07-30T11:16:19,70.114,1.55712890625,652,224488,0,0,0,0,32.61,37.0,21.23,28.51,28.25
2026-07-30T11:16:56,68.166,1.580078125,644,224528,0,0,0,0,32.61,37.0,21.23,28.51,28.25
2026-07-30T11:17:34,69.14,1.974609375,638,224559,0,0,0,0,32.67,38.0,21.22,28.51,28.25
2026-07-30T11:18:11,70.601,2.08251953125,648,224599,0,0,0,0,32.67,38.0,21.23,28.51,28.25
2026-07-30T11:18:48,68.166,1.11962890625,641,224640,0,0,0,0,32.72,38.0,21.23,28.51,28.25
2026-07-30T11:19:25,68.653,1.11083984375,657,224670,0,0,0,0,32.78,38.0,21.23,28.51,28.25
2026-07-30T11:20:03,70.601,1.83544921875,638,224710,0,0,0,0,32.78,36.0,21.22,28.51,28.25
2026-07-30T11:20:40,69.627,1.001953125,654,224751,0,0,0,0,32.83,37.0,21.22,28.51,28.25
2026-07-30T11:21:17,68.166,0.73291015625,642,224781,0,0,0,0,32.89,37.0,21.23,28.51,28.25
2026-07-30T11:21:54,68.653,1.47021484375,641,224822,0,0,0,0,32.89,37.0,21.23,28.51,28.25
2026-07-30T11:22:32,68.653,1.48193359375,632,224862,0,0,0,0,32.94,37.0,21.23,28.51,28.25
2026-07-30T11:23:09,68.166,0.89697265625,645,224893,0,0,0,0,32.94,37.0,21.23,28.51,28.25
2026-07-30T11:23:46,68.166,0.57177734375,639,224933,0,0,0,0,33.0,37.0,21.23,28.51,28.25
2026-07-30T11:24:24,69.14,1.5126953125,637,224974,0,0,0,0,33.06,37.0,21.22,28.51,28.25
2026-07-30T11:25:01,68.166,1.279296875,651,225004,0,0,0,0,33.06,36.0,21.22,28.51,28.25
2026-07-30T11:25:38,69.627,0.81689453125,649,225044,0,0,0,0,33.11,37.0,21.23,28.51,28.25
2026-07-30T11:26:16,69.14,0.96826171875,646,225085,0,0,0,0,33.11,37.0,21.23,28.51,28.25
2026-07-30T11:26:53,69.627,1.07666015625,647,225125,0,0,0,0,33.17,39.0,21.23,28.51,28.25
2026-07-30T11:27:30,68.653,0.9140625,663,225156,0,0,0,0,33.22,39.0,21.23,28.51,28.25
2026-07-30T11:28:07,67.679,0.65283203125,647,225196,0,0,0,0,33.22,39.0,21.23,28.51,28.25
2026-07-30T11:28:45,70.114,1.0439453125,636,225237,0,0,0,0,33.28,39.0,21.23,28.51,28.25
2026-07-30T11:29:22,70.601,0.91455078125,639,225267,0,0,0,0,33.33,35.0,21.22,28.51,28.25
2026-07-30T11:29:59,69.627,0.70654296875,637,225307,0,0,0,0,33.33,35.0,21.22,28.51,28.25
2026-07-30T11:30:36,69.14,0.73095703125,650,225348,0,0,0,0,33.33,35.0,21.23,28.51,28.25
2026-07-30T11:31:14,70.601,1.73779296875,643,225378,0,0,0,0,33.39,35.0,21.23,28.51,28.25
2026-07-30T11:31:51,69.14,1.11572265625,666,225419,0,0,0,0,33.44,37.0,21.23,28.51,28.25
2026-07-30T11:32:28,69.627,0.78466796875,638,225459,0,0,0,0,33.5,35.0,21.23,28.51,28.25
2026-07-30T11:33:06,70.114,0.927734375,643,225490,0,0,0,0,33.5,35.0,21.23,28.51,28.25
2026-07-30T11:33:43,69.627,1.21142578125,648,225530,0,0,0,0,33.56,35.0,21.23,28.51,28.25
2026-07-30T11:34:20,69.14,0.72216796875,650,225571,0,0,0,0,33.61,35.0,21.23,28.51,28.25
2026-07-30T11:34:57,68.166,0.572265625,652,225601,0,0,0,0,33.67,35.0,21.23,28.51,28.25
2026-07-30T11:35:35,70.114,1.6748046875,652,225642,0,0,0,0,33.67,35.0,21.23,28.51,28.25
2026-07-30T11:36:12,70.114,1.263671875,641,225682,0,0,0,0,33.72,34.0,21.22,28.51,28.25
2026-07-30T11:36:49,68.653,1.44775390625,638,225712,0,0,0,0,33.78,33.0,21.22,28.51,28.25
2026-07-30T11:37:27,70.601,1.9658203125,656,225753,0,0,0,0,33.83,33.0,21.23,28.51,28.25
2026-07-30T11:38:04,70.601,2.2607421875,643,225793,0,0,0,0,33.83,33.0,21.23,28.51,28.25
2026-07-30T11:38:41,68.166,1.46044921875,649,225834,0,0,0,0,33.89,34.0,21.23,28.51,28.25
2026-07-30T11:39:18,67.679,1.22509765625,640,225864,0,0,0,0,33.94,34.0,21.22,28.51,28.25
2026-07-30T11:39:56,69.627,1.59619140625,646,225905,0,0,0,0,34.0,34.0,21.22,28.51,28.25
2026-07-30T11:40:33,70.114,1.5810546875,659,225945,0,0,0,0,34.06,32.0,21.23,28.51,28.25
2026-07-30T11:41:10,68.653,1.19873046875,653,225976,0,0,0,0,34.11,32.0,21.24,28.51,28.25
2026-07-30T11:41:48,69.14,0.72998046875,638,226016,0,0,0,0,34.11,32.0,21.24,28.51,28.25
2026-07-30T11:42:25,71.088,1.42724609375,638,226057,0,0,0,0,34.17,32.0,21.23,28.51,28.25
2026-07-30T11:43:02,69.14,1.40380859375,644,226087,0,0,0,0,34.22,31.0,21.23,28.51,28.25
2026-07-30T11:43:39,68.166,0.99072265625,644,226128,0,0,0,0,34.22,31.0,21.24,28.51,28.25
2026-07-30T11:44:17,70.601,0.8896484375,644,226168,0,0,0,0,34.28,31.0,21.23,28.51,28.25
2026-07-30T11:44:54,70.601,1.22509765625,642,226199,0,0,0,0,34.33,33.0,21.23,28.51,28.25
2026-07-30T11:45:31,69.627,0.73828125,652,226239,0,0,0,0,34.33,31.0,21.23,28.51,28.25
2026-07-30T11:46:08,68.653,0.5576171875,654,226279,0,0,0,0,34.39,31.0,21.24,28.51,28.25
2026-07-30T11:46:46,70.601,1.20654296875,646,226310,0,0,0,0,34.39,31.0,21.24,28.51,28.25
2026-07-30T11:47:23,70.114,1.1806640625,652,226350,0,0,0,0,34.44,33.0,21.24,28.51,28.25
2026-07-30T11:48:00,70.114,0.7529296875,639,226391,0,0,0,0,34.5,31.0,21.24,28.51,28.25
2026-07-30T11:48:38,68.166,0.66552734375,642,226421,0,0,0,0,34.5,31.0,21.24,28.51,28.25
2026-07-30T11:49:15,71.088,1.9228515625,642,226462,0,0,0,0,34.5,31.0,21.24,28.51,28.25
2026-07-30T11:49:52,69.627,1.22900390625,665,226502,0,0,0,0,34.56,32.0,21.24,28.51,28.25
2026-07-30T11:50:30,69.14,0.81787109375,644,226532,0,0,0,0,34.61,33.0,21.25,28.51,28.25
2026-07-30T11:51:07,69.627,1.13818359375,654,226573,0,0,0,0,34.67,33.0,21.24,28.51,28.25
2026-07-30T11:51:44,70.601,1.48046875,644,226614,0,0,0,0,34.72,31.0,21.24,28.51,28.25
2026-07-30T11:52:22,68.653,0.85498046875,643,226654,0,0,0,0,34.72,31.0,21.25,28.51,28.46
2026-07-30T11:52:59,67.679,0.57470703125,642,226684,0,0,0,0,34.72,31.0,21.25,28.51,28.46
2026-07-30T11:53:36,71.575,1.18994140625,640,226725,0,0,0,0,34.78,32.0,21.25,28.51,28.46
2026-07-30T11:54:13,68.166,1.111328125,637,226765,0,0,0,0,34.78,32.0,21.25,28.51,28.46
2026-07-30T11:54:51,69.627,0.91357421875,640,226796,0,0,0,0,34.83,31.0,21.25,28.51,28.46
2026-07-30T11:55:28,69.627,0.76513671875,667,226836,0,0,0,0,34.89,31.0,21.24,29.02,28.46
2026-07-30T11:56:05,71.088,1.1015625,670,226877,0,0,0,0,34.89,31.0,21.24,29.02,28.46
2026-07-30T11:56:43,70.114,0.8662109375,660,226907,0,0,0,0,34.94,32.0,21.24,29.02,28.46
2026-07-30T11:57:20,68.653,0.927734375,631,226948,0,0,0,0,34.94,30.0,21.25,29.02,28.46
2026-07-30T11:57:57,71.575,1.64306640625,642,226988,0,0,0,0,34.94,30.0,21.25,29.02,28.46
2026-07-30T11:58:34,68.653,2.05029296875,645,227018,0,0,0,0,35.0,30.0,21.25,29.02,28.46
2026-07-30T11:59:12,68.653,1.49462890625,649,227059,0,0,0,0,35.0,31.0,21.25,29.02,28.71
2026-07-30T11:59:49,70.114,1.07275390625,661,227099,0,0,0,0,35.06,31.0,21.25,29.02,28.71
2026-07-30T12:00:26,70.601,1.85791015625,639,227130,0,0,0,0,35.11,31.0,21.25,29.02,28.71
2026-07-30T12:01:04,68.653,1.21826171875,644,227170,0,0,0,0,35.11,30.0,21.25,29.02,28.71
2026-07-30T12:01:41,69.14,0.81201171875,647,227211,0,0,0,0,35.17,29.0,21.25,29.02,28.71
2026-07-30T12:02:18,70.114,0.783203125,659,227241,0,0,0,0,35.17,29.0,21.26,29.02,28.71
2026-07-30T12:02:55,72.062,2.06005859375,665,227281,0,0,0,0,35.17,29.0,21.26,29.02,28.71
2026-07-30T12:03:33,68.653,1.23095703125,646,227322,0,0,0,0,35.22,29.0,21.25,29.02,28.71
2026-07-30T12:04:10,69.627,0.7724609375,636,227362,0,0,0,0,35.22,30.0,21.25,29.02,28.71
2026-07-30T12:04:47,70.114,2.10302734375,640,227393,0,0,0,0,35.28,30.0,21.25,29.02,28.71
2026-07-30T12:05:25,70.114,1.58154296875,662,227433,0,0,0,0,35.28,29.0,21.25,29.02,28.71
2026-07-30T12:06:02,70.601,0.92236328125,638,227474,0,0,0,0,35.33,29.0,21.25,29.02,28.71
2026-07-30T12:06:39,69.14,0.61083984375,641,227504,0,0,0,0,35.33,29.0,21.24,29.02,28.71
2026-07-30T12:07:16,71.088,1.41259765625,640,227544,0,0,0,0,35.39,29.0,21.25,29.02,28.71
2026-07-30T12:07:54,70.601,1.15380859375,653,227585,0,0,0,0,35.44,32.0,21.25,29.45,28.71
2026-07-30T12:08:31,69.627,0.81298828125,642,227615,0,0,0,0,35.44,30.0,21.26,29.45,28.71
2026-07-30T12:09:08,70.601,0.93603515625,641,227656,0,0,0,0,35.5,30.0,21.25,29.45,28.71
2026-07-30T12:09:46,69.14,1.24853515625,640,227696,0,0,0,0,35.56,30.0,21.25,29.45,28.82
2026-07-30T12:10:23,69.627,1.00634765625,643,227727,0,0,0,0,35.56,29.0,21.25,29.45,28.82
2026-07-30T12:11:00,70.114,0.5830078125,644,227767,0,0,0,0,35.56,29.0,21.25,29.45,28.82
2026-07-30T12:11:37,71.088,0.91162109375,643,227808,0,0,0,0,35.61,29.0,21.25,29.55,28.82
2026-07-30T12:12:15,70.601,1.3505859375,657,227838,0,0,0,0,35.61,28.0,21.26,29.55,28.82
2026-07-30T12:12:52,69.14,1.01708984375,633,227878,0,0,0,0,35.67,31.0,21.26,29.55,28.82
2026-07-30T12:13:29,69.627,0.8564453125,644,227919,0,0,0,0,35.67,32.0,21.26,29.55,28.82
2026-07-30T12:14:07,71.088,1.40771484375,643,227949,0,0,0,0,35.72,32.0,21.25,29.55,28.82
2026-07-30T12:14:44,69.627,0.87646484375,662,227990,0,0,0,0,35.72,29.0,21.25,29.55,28.82
2026-07-30T12:15:21,68.653,0.67578125,645,228030,0,0,0,0,35.72,30.0,21.25,29.55,28.82
2026-07-30T12:15:58,71.575,1.87353515625,643,228071,0,0,0,0,35.78,28.0,21.25,29.55,28.82
2026-07-30T12:16:36,71.088,1.77685546875,648,228101,0,0,0,0,35.83,28.0,21.25,29.55,28.82
2026-07-30T12:17:13,69.627,0.9833984375,645,228142,0,0,0,0,35.83,28.0,21.25,29.55,28.82
2026-07-30T12:17:50,71.088,0.86376953125,654,228182,0,0,0,0,35.89,32.0,21.25,29.55,28.82
2026-07-30T12:18:28,70.114,1.9921875,644,228212,0,0,0,0,35.89,32.0,21.25,29.55,28.82
2026-07-30T12:19:05,70.601,1.857421875,646,228253,0,0,0,0,35.94,30.0,21.25,29.55,28.82
2026-07-30T12:19:42,69.627,1.48583984375,639,228293,0,0,0,0,35.94,30.0,21.25,29.55,28.82
2026-07-30T12:20:19,71.575,1.54541015625,647,228324,0,0,0,0,36.0,30.0,21.25,29.55,28.82
2026-07-30T12:20:57,69.627,1.6787109375,649,228364,0,0,0,0,36.0,28.0,21.25,29.55,29.05
2026-07-30T12:21:34,70.601,1.00537109375,649,228405,0,0,0,0,36.06,30.0,21.25,29.55,29.05
2026-07-30T12:22:11,69.14,0.71826171875,645,228435,0,0,0,0,36.06,29.0,21.26,29.55,29.05
2026-07-30T12:22:49,71.088,1.001953125,641,228476,0,0,0,0,36.11,29.0,21.26,29.55,29.05
2026-07-30T12:23:26,71.088,1.4150390625,657,228516,0,0,0,0,36.17,30.0,21.26,29.55,29.05
2026-07-30T12:24:03,69.627,1.11181640625,648,228547,0,0,0,0,36.17,28.0,21.26,29.55,29.05
2026-07-30T12:24:40,71.088,0.73974609375,653,228587,0,0,0,0,36.22,28.0,21.25,29.55,29.05
2026-07-30T12:25:18,72.549,1.79296875,646,228628,0,0,0,0,36.22,28.0,21.25,29.55,29.05
2026-07-30T12:25:55,70.601,1.16552734375,642,228658,0,0,0,0,36.28,30.0,21.25,29.55,29.05
2026-07-30T12:26:32,69.14,0.9140625,641,228698,0,0,0,0,36.33,28.0,21.26,29.55,29.05
2026-07-30T12:27:10,73.036,0.93310546875,644,228739,0,0,0,0,36.33,27.0,21.26,29.55,29.05
2026-07-30T12:27:47,70.601,1.4091796875,641,228779,0,0,0,0,36.33,27.0,21.26,29.55,29.05
2026-07-30T12:28:24,71.575,0.91015625,652,228810,0,0,0,0,36.39,27.0,21.26,29.55,29.05
2026-07-30T12:29:01,69.627,0.71484375,640,228850,0,0,0,0,36.39,27.0,21.26,29.97,29.05
2026-07-30T12:29:39,73.036,1.748046875,644,228891,0,0,0,0,36.44,28.0,21.25,29.97,29.05
2026-07-30T12:30:16,70.601,1.3046875,660,228921,0,0,0,0,36.44,28.0,21.26,29.97,29.05
2026-07-30T12:30:53,70.114,0.81005859375,645,228962,0,0,0,0,36.5,27.0,21.26,29.97,29.05
2026-07-30T12:31:31,72.062,0.8212890625,644,229002,0,0,0,0,36.5,26.0,21.27,29.97,29.05
2026-07-30T12:32:08,72.062,2.03173828125,643,229033,0,0,0,0,36.5,26.0,21.26,29.97,29.05
2026-07-30T12:32:45,70.601,1.1142578125,650,229073,0,0,0,0,36.56,26.0,21.26,29.97,29.05
2026-07-30T12:33:22,70.601,0.775390625,648,229113,0,0,0,0,36.56,25.0,21.27,29.97,29.05
2026-07-30T12:34:00,71.088,1.48828125,644,229144,0,0,0,0,36.56,25.0,21.27,29.97,29.05
2026-07-30T12:34:37,71.575,2.37109375,645,229184,0,0,0,0,36.61,25.0,21.27,29.97,29.05
2026-07-30T12:35:14,71.088,1.9716796875,644,229225,0,0,0,0,36.61,26.0,21.26,29.97,29.05
2026-07-30T12:35:52,70.114,1.44482421875,640,229255,0,0,0,0,36.61,27.0,21.26,29.97,29.05
2026-07-30T12:36:29,72.549,2.318359375,640,229296,0,0,0,0,36.67,26.0,21.28,29.97,29.05
2026-07-30T12:37:06,70.601,1.9736328125,670,229336,0,0,0,0,36.67,26.0,21.27,29.97,29.05
2026-07-30T12:37:44,71.088,1.33251953125,652,229367,0,0,0,0,36.67,24.0,21.27,29.97,29.05
2026-07-30T12:38:21,72.062,0.9169921875,645,229407,0,0,0,0,36.67,25.0,21.27,29.97,29.05
2026-07-30T12:38:58,71.575,1.94580078125,653,229448,0,0,0,0,36.72,25.0,21.27,29.97,29.05
2026-07-30T12:39:35,71.575,2.17431640625,645,229488,0,0,0,0,36.72,24.0,21.26,29.97,29.05
2026-07-30T12:40:13,71.088,2.08251953125,645,229518,0,0,0,0,36.72,25.0,21.27,29.97,29.05
2026-07-30T12:40:50,71.575,2.61083984375,649,229559,0,0,0,0,36.72,25.0,21.27,29.97,29.05
2026-07-30T12:41:27,71.088,1.9375,651,229599,0,0,0,0,36.78,25.0,21.27,29.97,29.05
2026-07-30T12:42:04,71.088,1.3740234375,644,229630,0,0,0,0,36.78,25.0,21.27,29.97,29.57
2026-07-30T12:42:42,73.036,1.01171875,659,229670,0,0,0,0,36.78,25.0,21.27,29.97,29.57
2026-07-30T12:43:19,73.036,1.5185546875,664,229711,0,0,0,0,36.78,26.0,21.27,30.49,29.57
2026-07-30T12:43:56,71.575,0.9814453125,656,229741,0,0,0,0,36.83,26.0,21.27,30.49,29.57
2026-07-30T12:44:33,70.114,0.69384765625,642,229782,0,0,0,0,36.83,25.0,21.27,30.49,29.57
2026-07-30T12:45:11,71.575,1.2255859375,643,229822,0,0,0,0,36.89,25.0,21.28,30.49,29.57
2026-07-30T12:45:48,71.575,1.61962890625,652,229853,0,0,0,0,36.89,25.0,21.28,30.49,29.59
2026-07-30T12:46:25,71.088,0.87744140625,649,229893,0,0,0,0,36.89,25.0,21.28,30.49,29.59
2026-07-30T12:47:03,70.114,0.49853515625,644,229934,0,0,0,0,36.94,24.0,21.28,30.49,29.59
2026-07-30T12:47:40,72.549,1.2646484375,644,229964,0,0,0,0,36.94,24.0,21.28,30.49,29.59
2026-07-30T12:48:17,70.601,0.99267578125,652,230005,0,0,0,0,36.94,24.0,21.28,30.49,29.59
2026-07-30T12:48:55,70.601,0.60595703125,643,230045,0,0,0,0,37.0,25.0,21.28,30.49,29.59
2026-07-30T12:49:32,72.549,0.5888671875,660,230075,0,0,0,0,37.0,26.0,21.28,30.49,29.59
2026-07-30T12:50:09,72.062,1.2646484375,658,230116,0,0,0,0,37.0,25.0,21.27,30.49,29.59
2026-07-30T12:50:46,70.114,0.83056640625,649,230156,0,0,0,0,37.0,25.0,21.27,30.49,29.59
2026-07-30T12:51:24,70.114,0.69091796875,637,230187,0,0,0,0,37.06,24.0,21.28,30.49,29.59
2026-07-30T12:52:01,73.036,0.93017578125,644,230227,0,0,0,0,37.06,24.0,21.28,30.49,29.59
2026-07-30T12:52:38,72.549,1.251953125,663,230268,0,0,0,0,37.06,24.0,21.28,30.49,29.59
2026-07-30T12:53:15,72.062,0.95654296875,655,230298,0,0,0,0,37.06,24.0,21.28,30.49,29.59
2026-07-30T12:53:53,70.601,0.6845703125,645,230339,0,0,0,0,37.06,25.0,21.28,30.49,29.73
2026-07-30T12:54:30,72.062,1.4052734375,644,230379,0,0,0,0,37.11,25.0,21.28,30.49,29.73
2026-07-30T12:55:07,71.575,0.98583984375,668,230420,0,0,0,0,37.11,25.0,21.28,30.49,29.73
2026-07-30T12:55:45,70.601,0.8076171875,642,230450,0,0,0,0,37.11,26.0,21.28,30.49,29.73
2026-07-30T12:56:22,71.088,0.7998046875,649,230491,0,0,0,0,37.17,24.0,21.28,30.49,29.73
2026-07-30T12:56:59,72.062,1.27294921875,647,230531,0,0,0,0,37.17,24.0,21.28,30.49,29.73
2026-07-30T12:57:36,71.575,0.84423828125,648,230561,0,0,0,0,37.17,24.0,21.28,30.49,29.73
2026-07-30T12:58:14,71.088,0.6943359375,643,230602,0,0,0,0,37.22,24.0,21.28,30.49,29.73
2026-07-30T12:58:51,72.549,1.69140625,648,230642,0,0,0,0,37.28,25.0,21.28,30.49,29.73
2026-07-30T12:59:28,71.575,1.2490234375,656,230673,0,0,0,0,37.28,25.0,21.29,30.7,29.73
2026-07-30T13:00:05,71.088,1.1494140625,646,230714,0,0,0,0,37.28,23.0,21.28,30.7,29.73
2026-07-30T13:00:43,71.575,2.23583984375,649,230754,0,0,0,0,37.33,24.0,21.28,30.7,29.73
2026-07-30T13:01:20,72.549,2.55712890625,647,230784,0,0,0,0,37.33,25.0,21.29,30.7,29.73
2026-07-30T13:01:57,71.575,1.57421875,668,230825,0,0,0,0,37.39,25.0,21.29,30.7,29.73
2026-07-30T13:02:35,70.601,0.8544921875,644,230865,0,0,0,0,37.39,24.0,21.29,30.7,29.73
2026-07-30T13:03:12,73.036,1.271484375,650,230896,0,0,0,0,37.39,24.0,21.29,30.73,29.73
2026-07-30T13:03:49,72.062,1.50146484375,639,230936,0,0,0,0,37.39,25.0,21.29,30.73,29.73
2026-07-30T13:04:26,71.575,0.92724609375,648,230977,0,0,0,0,37.44,25.0,21.29,30.73,29.73
2026-07-30T13:05:04,70.114,0.62890625,649,231007,0,0,0,0,37.44,23.0,21.29,30.73,29.73
2026-07-30T13:05:41,73.036,0.99609375,643,231048,0,0,0,0,37.5,25.0,21.28,30.73,29.73
2026-07-30T13:06:18,71.088,1.3515625,645,231088,0,0,0,0,37.5,23.0,21.29,30.73,29.8
2026-07-30T13:06:56,69.627,1.03125,643,231119,0,0,0,0,37.56,23.0,21.29,30.73,29.8
2026-07-30T13:07:33,71.088,0.89990234375,643,231159,0,0,0,0,37.56,23.0,21.29,30.73,29.8
2026-07-30T13:08:10,71.088,1.3603515625,655,231200,0,0,0,0,37.61,23.0,21.29,30.73,29.8
2026-07-30T13:08:47,73.036,1.0107421875,657,231230,0,0,0,0,37.61,23.0,21.29,30.73,29.8
2026-07-30T13:09:25,70.601,0.67626953125,656,231271,0,0,0,0,37.61,23.0,21.29,30.73,29.8
2026-07-30T13:10:02,72.062,1.29150390625,645,231311,0,0,0,0,37.67,24.0,21.29,30.73,29.8
2026-07-30T13:10:39,71.575,1.53662109375,648,231352,0,0,0,0,37.67,23.0,21.29,30.73,29.8
2026-07-30T13:11:16,72.549,1.07763671875,648,231382,0,0,0,0,37.67,23.0,21.28,30.73,29.8
2026-07-30T13:11:54,71.088,0.9443359375,649,231422,0,0,0,0,37.67,25.0,21.28,30.73,29.8
2026-07-30T13:12:31,72.549,1.927734375,642,231463,0,0,0,0,37.72,22.0,21.3,30.73,29.8
2026-07-30T13:13:08,71.575,1.357421875,652,231493,0,0,0,0,37.72,22.0,21.29,30.73,29.8
2026-07-30T13:13:46,70.114,0.775390625,640,231534,0,0,0,0,37.72,22.0,21.29,30.73,29.8
2026-07-30T13:14:23,72.062,1.3330078125,636,231574,0,0,0,0,37.72,25.0,21.29,30.73,29.8
2026-07-30T13:15:00,71.575,1.86376953125,652,231605,0,0,0,0,37.78,22.0,21.29,30.73,29.8
2026-07-30T13:15:37,72.062,1.04345703125,650,231645,0,0,0,0,37.78,22.0,21.29,30.73,29.8
2026-07-30T13:16:15,71.088,0.62353515625,644,231686,0,0,0,0,37.78,23.0,21.29,30.73,29.8
2026-07-30T13:16:52,73.036,1.02490234375,644,231716,0,0,0,0,37.78,23.0,21.29,30.73,29.8
2026-07-30T13:17:29,71.088,1.4345703125,655,231756,0,0,0,0,37.83,23.0,21.29,30.73,29.8
2026-07-30T13:18:07,70.601,0.99072265625,646,231797,0,0,0,0,37.83,23.0,21.3,30.73,29.8
2026-07-30T13:18:44,73.036,0.7421875,665,231827,0,0,0,0,37.83,23.0,21.3,30.73,29.8
2026-07-30T13:19:21,73.523,1.66064453125,648,231868,0,0,0,0,37.89,22.0,21.29,30.73,30.14
2026-07-30T13:19:59,71.575,1.40673828125,654,231908,0,0,0,0,37.89,23.0,21.29,30.73,30.14
2026-07-30T13:20:36,71.088,0.9189453125,641,231939,0,0,0,0,37.89,23.0,21.3,30.73,30.14
2026-07-30T13:21:13,72.549,1.41259765625,641,231979,0,0,0,0,37.94,22.0,21.3,30.73,30.14
2026-07-30T13:21:50,71.088,2.69921875,647,232020,0,0,0,0,37.94,22.0,21.3,31.09,30.14
2026-07-30T13:22:28,72.062,2.169921875,637,232060,0,0,0,0,37.94,22.0,21.3,31.09,30.14
2026-07-30T13:23:05,72.062,1.552734375,642,232090,0,0,0,0,38.0,23.0,21.3,31.09,30.14
2026-07-30T13:23:42,74.01,1.87548828125,639,232131,0,0,0,0,38.0,21.0,21.3,31.09,30.14
2026-07-30T13:24:19,72.062,1.10595703125,666,232172,0,0,0,0,38.06,23.0,21.29,31.09,30.14
2026-07-30T13:24:57,72.062,0.92529296875,649,232202,0,0,0,0,38.06,23.0,21.29,31.09,30.14
2026-07-30T13:25:34,72.062,0.81298828125,648,232242,0,0,0,0,38.06,23.0,21.3,31.09,30.14
2026-07-30T13:26:11,72.549,1.5751953125,642,232283,0,0,0,0,38.11,22.0,21.3,31.09,30.14
2026-07-30T13:26:49,72.549,1.08447265625,647,232313,0,0,0,0,38.11,22.0,21.3,31.09,30.14
2026-07-30T13:27:26,71.575,1.01806640625,663,232354,0,0,0,0,38.17,22.0,21.29,31.09,30.14
2026-07-30T13:28:03,72.549,1.62158203125,646,232394,0,0,0,0,38.17,23.0,21.29,31.09,30.12
2026-07-30T13:28:41,73.523,1.357421875,644,232425,0,0,0,0,38.22,22.0,21.29,31.09,30.12
2026-07-30T13:29:18,72.549,1.14013671875,641,232465,0,0,0,0,38.22,22.0,21.29,31.09,30.12
2026-07-30T13:29:55,73.523,1.30419921875,656,232506,0,0,0,0,38.28,21.0,21.29,31.09,30.12
2026-07-30T13:30:32,74.01,1.53857421875,641,232536,0,0,0,0,38.28,23.0,21.29,31.09,30.12
2026-07-30T13:31:10,72.549,1.80908203125,661,232577,0,0,0,0,38.28,24.0,21.31,31.09,30.12
2026-07-30T13:31:47,70.601,1.177734375,638,232617,0,0,0,0,38.33,24.0,21.31,31.09,30.12
2026-07-30T13:32:24,72.549,1.49267578125,646,232647,0,0,0,0,38.39,23.0,21.3,31.09,30.12
2026-07-30T13:33:02,72.549,1.80517578125,651,232688,0,0,0,0,38.39,21.0,21.3,31.09,30.12
2026-07-30T13:33:39,71.575,1.47802734375,661,232729,0,0,0,0,38.44,21.0,21.3,31.27,30.12
2026-07-30T13:34:16,70.601,1.1142578125,639,232769,0,0,0,0,38.44,21.0,21.3,31.27,30.12
2026-07-30T13:34:53,73.523,1.4375,647,232799,0,0,0,0,38.44,21.0,21.3,31.27,30.12
2026-07-30T13:35:31,72.062,1.2958984375,650,232840,0,0,0,0,38.5,23.0,21.31,31.27,30.12
2026-07-30T13:36:08,71.088,1.025390625,642,232880,0,0,0,0,38.5,23.0,21.3,31.27,30.12
2026-07-30T13:36:45,73.036,0.8994140625,650,232911,0,0,0,0,38.56,21.0,21.3,31.27,30.12
2026-07-30T13:37:22,73.523,1.6162109375,664,232951,0,0,0,0,38.56,21.0,21.3,31.27,30.12
2026-07-30T13:38:00,71.575,1.017578125,647,232992,0,0,0,0,38.56,21.0,21.3,31.27,30.32
2026-07-30T13:38:37,71.088,0.7939453125,628,233022,0,0,0,0,38.56,21.0,21.3,31.27,30.32
2026-07-30T13:39:14,73.523,1.57177734375,641,233063,0,0,0,0,38.56,21.0,21.3,31.27,30.32
2026-07-30T13:39:52,73.036,1.13916015625,652,233103,0,0,0,0,38.61,21.0,21.3,31.27,30.32
2026-07-30T13:40:29,71.575,0.81005859375,649,233134,0,0,0,0,38.61,21.0,21.3,31.27,30.32
2026-07-30T13:41:06,71.088,0.7646484375,639,233174,0,0,0,0,38.61,21.0,21.31,31.27,30.32
2026-07-30T13:41:44,73.523,1.80517578125,636,233214,0,0,0,0,38.61,22.0,21.31,31.27,30.32
2026-07-30T13:42:21,73.036,2.3173828125,645,233245,0,0,0,0,38.61,21.0,21.31,31.27,30.32
2026-07-30T13:42:58,71.088,1.67919921875,642,233285,0,0,0,0,38.61,21.0,21.31,31.27,30.32
2026-07-30T13:43:35,72.549,2.65966796875,646,233326,0,0,0,0,38.61,20.0,21.31,31.27,30.32
2026-07-30T13:44:13,74.01,2.1025390625,663,233356,0,0,0,0,38.67,21.0,21.31,31.27,30.32
2026-07-30T13:44:50,72.549,1.19140625,648,233397,0,0,0,0,38.67,21.0,21.31,31.27,30.39
2026-07-30T13:45:27,71.088,0.77734375,644,233437,0,0,0,0,38.67,21.0,21.31,31.27,30.39
2026-07-30T13:46:05,73.523,1.13623046875,644,233468,0,0,0,0,38.67,22.0,21.31,31.27,30.39
2026-07-30T13:46:42,72.549,1.7158203125,664,233508,0,0,0,0,38.67,20.0,21.31,31.27,30.39
2026-07-30T13:47:19,70.114,0.9462890625,643,233549,0,0,0,0,38.67,20.0,21.31,31.27,30.39
2026-07-30T13:47:56,73.036,0.65283203125,639,233579,0,0,0,0,38.67,21.0,21.31,31.27,30.39
2026-07-30T13:48:34,73.036,1.31982421875,648,233620,0,0,0,0,38.67,20.0,21.31,31.27,30.39
2026-07-30T13:49:11,73.036,1.03857421875,658,233660,0,0,0,0,38.67,20.0,21.31,31.27,30.39
2026-07-30T13:49:48,70.601,0.9140625,634,233700,0,0,0,0,38.67,20.0,21.31,31.27,30.39
2026-07-30T13:50:25,73.523,1.07177734375,640,233731,0,0,0,0,38.67,20.0,21.32,31.27,30.39
2026-07-30T13:51:03,72.062,1.59228515625,644,233771,0,0,0,0,38.67,21.0,21.32,31.27,30.39
2026-07-30T13:51:40,72.062,1.16552734375,654,233812,0,0,0,0,38.67,20.0,21.32,31.27,30.39
2026-07-30T13:52:17,71.088,0.95068359375,645,233842,0,0,0,0,38.67,20.0,21.32,31.27,30.39
2026-07-30T13:52:55,73.523,1.66748046875,647,233883,0,0,0,0,38.67,20.0,21.32,31.27,30.39
2026-07-30T13:53:32,71.575,1.08837890625,642,233923,0,0,0,0,38.67,20.0,21.32,31.27,30.39
2026-07-30T13:54:09,71.575,0.8076171875,641,233954,0,0,0,0,38.67,20.0,21.31,31.27,30.39
2026-07-30T13:54:46,72.549,1.443359375,652,233994,0,0,0,0,38.67,20.0,21.31,31.27,30.39
2026-07-30T13:55:24,73.036,1.56884765625,649,234035,0,0,0,0,38.67,20.0,21.32,31.27,30.39
2026-07-30T13:56:01,73.036,1.00244140625,663,234065,0,0,0,0,38.67,20.0,21.32,31.27,30.39
2026-07-30T13:56:38,71.088,0.7392578125,639,234105,0,0,0,0,38.67,20.0,21.32,31.27,30.39
2026-07-30T13:57:15,73.036,1.36474609375,644,234146,0,0,0,0,38.67,20.0,21.33,31.27,30.39
2026-07-30T13:57:53,73.036,1.3876953125,642,234176,0,0,0,0,38.67,20.0,21.33,31.27,30.39
2026-07-30T13:58:30,72.549,0.9677734375,651,234217,0,0,0,0,38.67,20.0,21.33,31.27,30.39
2026-07-30T13:59:07,73.036,0.76171875,662,234257,0,0,0,0,38.67,20.0,21.32,31.59,30.39
2026-07-30T13:59:45,73.523,1.2587890625,646,234288,0,0,0,0,38.67,19.0,21.32,31.59,30.39
2026-07-30T14:00:22,72.062,1.1123046875,649,234328,0,0,0,0,38.67,21.0,21.32,31.59,30.39
2026-07-30T14:00:59,71.575,0.71240234375,652,234369,0,0,0,0,38.67,19.0,21.32,31.59,30.39
2026-07-30T14:01:36,73.036,1.294921875,652,234409,0,0,0,0,38.67,19.0,21.33,31.59,30.39
2026-07-30T14:02:14,72.549,1.72705078125,664,234440,0,0,0,0,38.67,20.0,21.33,31.59,30.39
2026-07-30T14:02:51,72.549,1.4091796875,649,234480,0,0,0,0,38.67,20.0,21.33,31.59,30.39
2026-07-30T14:03:28,73.036,1.46142578125,645,234521,0,0,0,0,38.67,20.0,21.33,31.65,30.58
2026-07-30T14:04:05,73.036,2.4482421875,646,234551,0,0,0,0,38.67,19.0,21.33,31.65,30.58
2026-07-30T14:04:43,73.036,1.9462890625,667,234591,0,0,0,0,38.67,20.0,21.33,31.65,30.58
2026-07-30T14:05:20,73.036,1.302734375,647,234632,0,0,0,0,38.67,20.0,21.32,31.65,30.58
2026-07-30T14:05:57,72.062,0.92529296875,655,234662,0,0,0,0,38.67,20.0,21.32,31.65,30.58
2026-07-30T14:06:34,74.497,1.7294921875,650,234703,0,0,0,0,38.67,20.0,21.33,31.65,30.58
2026-07-30T14:07:12,71.575,0.9482421875,669,234743,0,0,0,0,38.67,20.0,21.33,31.65,30.58
2026-07-30T14:07:49,72.062,0.79052734375,642,234774,0,0,0,0,38.67,20.0,21.33,31.65,30.58
2026-07-30T14:08:26,71.575,1.55712890625,640,234814,0,0,0,0,38.72,21.0,21.34,31.65,30.58
2026-07-30T14:09:04,72.062,1.13623046875,650,234855,0,0,0,0,38.72,21.0,21.34,31.65,30.58
2026-07-30T14:09:41,73.036,0.6875,652,234885,0,0,0,0,38.72,20.0,21.34,31.65,30.58
2026-07-30T14:10:18,72.062,0.58740234375,640,234925,0,0,0,0,38.78,20.0,21.33,31.65,30.58
2026-07-30T14:10:55,73.523,1.2138671875,659,234966,0,0,0,0,38.78,20.0,21.33,31.65,30.58
2026-07-30T14:11:33,72.549,1.16064453125,659,234996,0,0,0,0,38.78,22.0,21.33,31.65,30.58
2026-07-30T14:12:10,72.062,0.69970703125,645,235037,0,0,0,0,38.78,22.0,21.33,31.65,30.58
2026-07-30T14:12:47,72.549,1.162109375,652,235077,0,0,0,0,38.78,22.0,21.33,31.65,30.58
2026-07-30T14:13:25,73.523,1.6455078125,647,235108,0,0,0,0,38.83,20.0,21.33,31.65,30.58
2026-07-30T14:14:02,72.062,1.0263671875,664,235148,0,0,0,0,38.83,20.0,21.33,31.65,30.58
2026-07-30T14:14:39,71.575,0.65673828125,647,235189,0,0,0,0,38.83,20.0,21.33,31.65,30.58
2026-07-30T14:15:16,74.01,1.0732421875,649,235229,0,0,0,0,38.89,20.0,21.34,31.65,30.58
2026-07-30T14:15:54,73.036,1.32763671875,642,235260,0,0,0,0,38.94,20.0,21.34,31.65,30.58
2026-07-30T14:16:31,72.549,0.90283203125,635,235300,0,0,0,0,38.94,20.0,21.34,31.65,30.58
2026-07-30T14:17:08,72.549,0.58642578125,652,235340,0,0,0,0,39.0,20.0,21.34,31.65,30.58
2026-07-30T14:17:46,74.497,1.15478515625,637,235371,0,0,0,0,39.0,19.0,21.34,31.65,30.58
2026-07-30T14:18:23,71.088,0.8916015625,664,235411,0,0,0,0,39.0,20.0,21.34,31.65,30.58
2026-07-30T14:19:00,72.062,1.2080078125,641,235452,0,0,0,0,39.0,20.0,21.34,31.65,30.58
2026-07-30T14:19:38,73.036,1.83740234375,651,235482,0,0,0,0,39.06,21.0,21.34,31.65,30.58
2026-07-30T14:20:15,73.523,2.2568359375,650,235523,0,0,0,0,39.06,20.0,21.35,31.65,30.58
2026-07-30T14:20:52,72.062,1.263671875,652,235563,0,0,0,0,39.06,20.0,21.35,31.65,30.58
2026-07-30T14:21:29,70.601,1.13134765625,649,235593,0,0,0,0,39.11,20.0,21.34,31.65,30.58
2026-07-30T14:22:07,73.523,1.7734375,646,235634,0,0,0,0,39.11,20.0,21.35,31.65,30.58
2026-07-30T14:22:44,72.062,1.12158203125,647,235674,0,0,0,0,39.17,20.0,21.35,31.65,30.58
2026-07-30T14:23:21,71.575,1.5810546875,641,235705,0,0,0,0,39.17,20.0,21.35,31.65,30.58
2026-07-30T14:23:59,73.036,2.3974609375,656,235745,0,0,0,0,39.17,20.0,21.35,31.65,30.58
2026-07-30T14:24:36,73.523,2.89892578125,644,235786,0,0,0,0,39.17,20.0,21.34,31.65,30.58
2026-07-30T14:25:13,72.549,2.18212890625,662,235816,0,0,0,0,39.17,21.0,21.35,31.65,30.76
2026-07-30T14:25:50,72.549,1.40380859375,640,235857,0,0,0,0,39.17,21.0,21.35,31.65,30.76
2026-07-30T14:26:28,73.036,1.43359375,646,235897,0,0,0,0,39.17,22.0,21.34,31.65,30.76
2026-07-30T14:27:05,74.01,1.5810546875,653,235938,0,0,0,0,39.17,20.0,21.34,31.65,30.76
2026-07-30T14:27:42,73.523,1.3935546875,658,235968,0,0,0,0,39.17,20.0,21.34,31.65,30.76
2026-07-30T14:28:20,72.062,0.78173828125,644,236008,0,0,0,0,39.17,21.0,21.34,31.65,30.76
2026-07-30T14:28:57,73.523,1.556640625,642,236049,0,0,0,0,39.17,21.0,21.34,31.65,30.76
2026-07-30T14:29:34,72.062,1.2578125,658,236079,0,0,0,0,39.17,21.0,21.35,31.65,30.76
2026-07-30T14:30:11,73.036,0.76904296875,643,236120,0,0,0,0,39.17,20.0,21.35,31.65,30.76
2026-07-30T14:30:49,73.523,0.82080078125,647,236160,0,0,0,0,39.11,20.0,21.35,31.65,30.76
2026-07-30T14:31:26,73.523,1.37255859375,647,236190,0,0,0,0,39.11,21.0,21.36,31.65,30.76
2026-07-30T14:32:03,73.036,1.04052734375,655,236231,0,0,0,0,39.06,20.0,21.36,31.65,30.76
2026-07-30T14:32:41,71.575,0.63427734375,658,236271,0,0,0,0,39.06,20.0,21.35,31.65,30.76
2026-07-30T14:33:18,73.523,1.11376953125,655,236302,0,0,0,0,39.06,20.0,21.35,31.65,30.76
2026-07-30T14:33:55,73.523,0.96630859375,654,236342,0,0,0,0,39.06,20.0,21.35,31.65,30.76
2026-07-30T14:34:32,72.549,0.81298828125,641,236383,0,0,0,0,39.0,19.0,21.36,31.65,30.76
2026-07-30T14:35:10,72.549,0.69189453125,642,236413,0,0,0,0,38.94,19.0,21.36,31.65,30.76
2026-07-30T14:35:47,74.01,2.27978515625,641,236454,0,0,0,0,38.94,20.0,21.36,31.65,30.76
2026-07-30T14:36:24,73.523,1.39892578125,660,236494,0,0,0,0,38.94,20.0,21.36,31.65,30.76
2026-07-30T14:37:02,71.575,0.919921875,649,236524,0,0,0,0,38.94,21.0,21.36,31.65,30.76
2026-07-30T14:37:39,74.01,1.013671875,639,236565,0,0,0,0,38.94,21.0,21.35,31.65,30.76
2026-07-30T14:38:16,71.575,1.1806640625,642,236605,0,0,0,0,38.94,19.0,21.36,31.65,30.76
2026-07-30T14:38:53,71.575,0.72705078125,653,236646,0,0,0,0,38.94,19.0,21.36,31.65,30.76
2026-07-30T14:39:31,73.036,0.4970703125,648,236676,0,0,0,0,38.94,19.0,21.37,31.65,30.76
2026-07-30T14:40:08,74.984,1.04052734375,644,236717,0,0,0,0,38.94,19.0,21.37,31.65,31.06
2026-07-30T14:40:45,71.575,1.34814453125,645,236757,0,0,0,0,39.0,22.0,21.37,31.65,31.06
2026-07-30T14:41:23,72.062,0.88330078125,644,236788,0,0,0,0,39.0,20.0,21.37,31.65,31.06
2026-07-30T14:42:00,74.497,0.6005859375,659,236828,0,0,0,0,39.06,20.0,21.37,32.16,31.06
2026-07-30T14:42:37,74.01,1.39208984375,671,236869,0,0,0,0,39.06,20.0,21.37,32.16,31.06
2026-07-30T14:43:14,73.036,1.19921875,654,236899,0,0,0,0,39.06,20.0,21.36,32.16,31.06
2026-07-30T14:43:52,72.062,0.76171875,636,236939,0,0,0,0,39.11,19.0,21.36,32.16,31.06
2026-07-30T14:44:29,74.01,1.6689453125,641,236980,0,0,0,0,39.17,19.0,21.37,32.16,31.06
2026-07-30T14:45:06,73.036,2.07861328125,650,237010,0,0,0,0,39.17,21.0,21.37,32.16,31.06
2026-07-30T14:45:44,73.036,1.69921875,653,237051,0,0,0,0,39.17,22.0,21.38,32.16,31.06
2026-07-30T14:46:21,72.549,0.97265625,639,237091,0,0,0,0,39.28,21.0,21.36,32.16,31.06
2026-07-30T14:46:58,73.523,2.13671875,643,237122,0,0,0,0,39.22,21.0,21.36,32.16,31.06
2026-07-30T14:47:35,72.549,1.45361328125,654,237162,0,0,0,0,39.28,19.0,21.37,32.16,31.06
2026-07-30T14:48:13,72.549,1.0126953125,647,237203,0,0,0,0,39.28,21.0,21.36,32.16,31.06
2026-07-30T14:48:50,74.497,1.18115234375,660,237233,0,0,0,0,39.28,20.0,21.36,32.16,31.06
2026-07-30T14:49:27,73.523,1.72021484375,664,237274,0,0,0,0,39.28,20.0,21.37,32.16,31.06
2026-07-30T14:50:05,73.036,1.00927734375,654,237314,0,0,0,0,39.28,19.0,21.37,32.16,31.06
2026-07-30T14:50:42,72.549,0.7373046875,647,237354,0,0,0,0,39.22,19.0,21.37,32.16,31.06
2026-07-30T14:51:19,73.523,0.92626953125,645,237385,0,0,0,0,39.22,19.0,21.37,32.16,31.06
2026-07-30T14:51:56,73.036,1.20703125,654,237425,0,0,0,0,39.22,19.0,21.37,32.16,31.06
2026-07-30T14:52:34,73.036,0.73046875,645,237466,0,0,0,0,39.17,19.0,21.38,32.16,31.06
2026-07-30T14:53:11,72.549,0.712890625,642,237496,0,0,0,0,39.17,19.0,21.37,32.16,31.06
2026-07-30T14:53:48,74.497,1.6953125,646,237537,0,0,0,0,39.17,19.0,21.37,32.16,31.06
2026-07-30T14:54:26,74.01,0.96484375,665,237577,0,0,0,0,39.17,21.0,21.38,32.16,31.06
2026-07-30T14:55:03,72.062,0.64599609375,646,237607,0,0,0,0,39.17,19.0,21.38,32.16,31.06
2026-07-30T14:55:40,74.01,0.61572265625,647,237648,0,0,0,0,39.17,19.0,21.38,32.16,31.06
2026-07-30T14:56:17,73.036,1.328125,640,237688,0,0,0,0,39.17,20.0,21.38,32.16,31.22
2026-07-30T14:56:55,73.036,1.01416015625,652,237719,0,0,0,0,39.22,20.0,21.38,32.3,31.22
2026-07-30T14:57:32,72.549,0.71533203125,661,237759,0,0,0,0,39.22,19.0,21.38,32.3,31.22
2026-07-30T14:58:09,74.01,1.5234375,636,237800,0,0,0,0,39.22,19.0,21.39,32.3,31.22
2026-07-30T14:58:47,72.549,1.30859375,660,237830,0,0,0,0,39.28,19.0,21.39,32.3,31.22
2026-07-30T14:59:24,72.549,0.90478515625,637,237871,0,0,0,0,39.28,20.0,21.38,32.3,31.22
2026-07-30T15:00:01,74.01,0.74365234375,642,237911,0,0,0,0,39.28,20.0,21.38,32.3,31.22
2026-07-30T15:00:39,75.471,1.88623046875,643,237941,0,0,0,0,39.22,19.0,21.39,32.3,31.22
2026-07-30T15:01:16,73.036,1.146484375,657,237982,0,0,0,0,39.22,19.0,21.39,32.3,31.22
2026-07-30T15:01:53,73.523,0.8046875,651,238022,0,0,0,0,39.17,19.0,21.39,32.3,31.22
2026-07-30T15:02:30,75.471,1.6787109375,642,238063,0,0,0,0,39.17,19.0,21.39,32.3,31.22
2026-07-30T15:03:08,73.036,1.3876953125,652,238093,0,0,0,0,39.11,19.0,21.39,32.3,31.22
2026-07-30T15:03:45,73.036,0.78466796875,650,238134,0,0,0,0,39.06,19.0,21.39,32.3,31.22
2026-07-30T15:04:22,74.984,0.708984375,670,238174,0,0,0,0,39.06,19.0,21.39,32.3,31.22
2026-07-30T15:04:59,74.497,1.251953125,650,238205,0,0,0,0,39.0,19.0,21.39,32.3,31.22
2026-07-30T15:05:37,73.523,2.26416015625,652,238245,0,0,0,0,38.94,19.0,21.4,32.3,31.22
2026-07-30T15:06:14,71.575,1.859375,639,238286,0,0,0,0,38.89,20.0,21.39,32.3,31.22
2026-07-30T15:06:51,73.523,1.41064453125,649,238316,0,0,0,0,38.89,20.0,21.39,32.3,31.22
2026-07-30T15:07:29,73.036,1.94677734375,655,238357,0,0,0,0,38.83,20.0,21.41,32.3,31.22
2026-07-30T15:08:06,72.549,1.05908203125,663,238397,0,0,0,0,38.78,19.0,21.41,32.3,31.22
2026-07-30T15:08:43,72.549,0.8408203125,648,238427,0,0,0,0,38.72,19.0,21.41,32.3,31.22
2026-07-30T15:09:20,74.497,1.220703125,645,238468,0,0,0,0,38.72,19.0,21.41,32.3,31.22
2026-07-30T15:09:58,73.523,1.33935546875,655,238509,0,0,0,0,38.67,19.0,21.41,32.3,31.22
2026-07-30T15:10:35,73.036,0.884765625,647,238539,0,0,0,0,38.67,21.0,21.41,32.3,31.22
2026-07-30T15:11:12,74.01,0.4970703125,666,238579,0,0,0,0,38.67,20.0,21.41,32.3,31.22
2026-07-30T15:11:50,75.471,1.4365234375,657,238620,0,0,0,0,38.72,20.0,21.41,32.3,31.22
2026-07-30T15:12:27,74.01,1.24951171875,653,238650,0,0,0,0,38.72,20.0,21.41,32.3,31.22
2026-07-30T15:13:04,72.062,0.88525390625,641,238691,0,0,0,0,38.72,20.0,21.41,32.3,31.22
2026-07-30T15:13:41,74.497,1.41455078125,650,238731,0,0,0,0,38.78,19.0,21.41,32.3,31.22
2026-07-30T15:14:19,74.01,1.44384765625,659,238762,0,0,0,0,38.83,19.0,21.4,32.3,31.22
2026-07-30T15:14:56,73.036,0.9619140625,661,238802,0,0,0,0,38.83,20.0,21.4,32.3,31.22
2026-07-30T15:15:33,73.036,0.59423828125,648,238843,0,0,0,0,38.83,20.0,21.42,32.3,31.22
2026-07-30T15:16:11,73.523,1.47119140625,650,238883,0,0,0,0,38.94,20.0,21.41,32.3,31.22
2026-07-30T15:16:48,74.01,1.13623046875,658,238914,0,0,0,0,38.94,19.0,21.41,32.3,31.22
2026-07-30T15:17:25,72.062,0.79248046875,643,238954,0,0,0,0,38.94,19.0,21.41,32.3,31.22
2026-07-30T15:18:02,73.036,0.83447265625,647,238995,0,0,0,0,39.0,18.0,21.41,32.3,31.22
2026-07-30T15:18:40,74.01,1.38134765625,659,239025,0,0,0,0,39.06,18.0,21.42,32.3,31.22
2026-07-30T15:19:17,74.01,0.97314453125,652,239066,0,0,0,0,39.06,19.0,21.42,32.3,31.22
2026-07-30T15:19:54,72.062,0.6884765625,650,239106,0,0,0,0,39.06,19.0,21.42,32.17,31.22
2026-07-30T15:20:32,74.01,0.9482421875,642,239137,0,0,0,0,39.11,19.0,21.41,32.17,31.22
2026-07-30T15:21:09,74.01,1.32958984375,660,239177,0,0,0,0,39.11,20.0,21.41,32.17,31.22
2026-07-30T15:21:46,73.036,0.79541015625,642,239218,0,0,0,0,39.17,19.0,21.41,32.17,31.22
2026-07-30T15:22:23,73.036,0.61669921875,637,239248,0,0,0,0,39.17,19.0,21.42,32.17,31.22
2026-07-30T15:23:01,74.984,1.50927734375,649,239289,0,0,0,0,39.17,19.0,21.42,32.17,31.22
2026-07-30T15:23:38,74.984,0.98681640625,666,239329,0,0,0,0,39.22,19.0,21.42,32.17,31.22
2026-07-30T15:24:15,73.036,0.67822265625,645,239359,0,0,0,0,39.28,19.0,21.42,32.17,31.22
2026-07-30T15:24:53,75.471,0.876953125,645,239400,0,0,0,0,39.28,19.0,21.42,32.17,31.22
2026-07-30T15:25:30,73.036,1.65966796875,648,239441,0,0,0,0,39.33,19.0,21.42,32.17,31.22
2026-07-30T15:26:07,74.01,1.69384765625,656,239471,0,0,0,0,39.33,18.0,21.42,32.17,31.22
2026-07-30T15:26:44,73.523,1.79638671875,660,239512,0,0,0,0,39.33,18.0,21.41,32.17,31.22
2026-07-30T15:27:22,75.958,2.5478515625,652,239552,0,0,0,0,39.39,20.0,21.42,32.17,31.22
2026-07-30T15:27:59,74.01,1.96728515625,658,239583,0,0,0,0,39.39,20.0,21.42,32.17,31.22
2026-07-30T15:28:36,73.523,1.2509765625,645,239623,0,0,0,0,39.39,19.0,21.42,32.17,31.22
2026-07-30T15:29:14,74.497,1.09375,661,239663,0,0,0,0,39.44,19.0,21.42,32.17,31.32
2026-07-30T15:29:51,74.984,1.46484375,649,239694,0,0,0,0,39.44,19.0,21.42,32.17,31.32
2026-07-30T15:30:28,74.497,1.31396484375,671,239734,0,0,0,0,39.44,19.0,21.41,32.17,31.32
2026-07-30T15:31:05,72.062,0.97802734375,650,239775,0,0,0,0,39.44,18.0,21.41,32.17,31.32
2026-07-30T15:31:43,75.471,1.34716796875,653,239815,0,0,0,0,39.44,18.0,21.42,32.17,31.32
2026-07-30T15:32:20,72.549,1.57763671875,651,239846,0,0,0,0,39.44,18.0,21.42,32.17,31.32
2026-07-30T15:32:57,74.497,0.93017578125,656,239886,0,0,0,0,39.44,19.0,21.42,32.17,31.34
2026-07-30T15:33:35,72.549,0.712890625,647,239927,0,0,0,0,39.44,19.0,21.42,32.17,31.34
2026-07-30T15:34:12,74.984,1.21875,656,239957,0,0,0,0,39.44,18.0,21.43,32.17,31.34
2026-07-30T15:34:49,73.523,1.18798828125,654,239998,0,0,0,0,39.44,18.0,21.43,32.17,31.34
2026-07-30T15:35:26,71.088,0.7412109375,648,240038,0,0,0,0,39.44,19.0,21.42,32.17,31.34
2026-07-30T15:36:04,74.984,0.65966796875,665,240068,0,0,0,0,39.5,19.0,21.42,32.17,31.34
2026-07-30T15:36:41,74.497,1.59423828125,679,240109,0,0,0,0,39.5,19.0,21.42,32.17,31.34
2026-07-30T15:37:18,73.523,1.0087890625,652,240150,0,0,0,0,39.56,19.0,21.43,32.17,31.34
2026-07-30T15:37:55,73.036,0.68408203125,636,240180,0,0,0,0,39.56,19.0,21.43,32.17,31.34
2026-07-30T15:38:33,74.497,1.28076171875,658,240220,0,0,0,0,39.56,18.0,21.43,32.17,31.34
2026-07-30T15:39:10,74.497,1.1044921875,664,240261,0,0,0,0,39.56,18.0,21.44,32.17,31.34
2026-07-30T15:39:47,72.549,0.7255859375,656,240291,0,0,0,0,39.56,19.0,21.44,32.17,31.34
2026-07-30T15:40:25,73.523,0.64501953125,643,240332,0,0,0,0,39.56,19.0,21.43,32.17,31.34
2026-07-30T15:41:02,74.497,1.60498046875,651,240372,0,0,0,0,39.56,20.0,21.43,32.17,31.34
2026-07-30T15:41:39,73.523,1.33251953125,650,240403,0,0,0,0,39.61,20.0,21.44,32.17,31.34
2026-07-30T15:42:17,73.036,0.8369140625,648,240443,0,0,0,0,39.61,19.0,21.44,32.17,31.34
2026-07-30T15:42:54,74.984,1.173828125,643,240484,0,0,0,0,39.61,18.0,21.44,32.17,31.34
2026-07-30T15:43:31,75.471,1.4580078125,668,240514,0,0,0,0,39.67,19.0,21.45,32.17,31.34
2026-07-30T15:44:08,73.036,0.962890625,653,240555,0,0,0,0,39.67,19.0,21.44,32.17,31.34
2026-07-30T15:44:46,73.036,0.61962890625,649,240595,0,0,0,0,39.72,18.0,21.44,32.17,31.34
2026-07-30T15:45:23,74.984,0.65966796875,648,240626,0,0,0,0,39.72,20.0,21.44,32.17,31.34
2026-07-30T15:46:00,74.01,1.0419921875,658,240666,0,0,0,0,39.72,20.0,21.44,32.17,31.34
2026-07-30T15:46:38,73.036,1.03466796875,642,240707,0,0,0,0,39.78,19.0,21.44,32.17,31.34
2026-07-30T15:47:15,74.497,1.7060546875,647,240747,0,0,0,0,39.78,18.0,21.45,32.17,31.34
2026-07-30T15:47:52,75.471,2.50146484375,650,240778,0,0,0,0,39.78,19.0,21.45,32.17,31.34
2026-07-30T15:48:29,73.036,1.4951171875,671,240818,0,0,0,0,39.78,19.0,21.43,32.17,31.34
2026-07-30T15:49:07,73.523,1.24560546875,670,240859,0,0,0,0,39.78,19.0,21.43,32.17,31.34
2026-07-30T15:49:44,74.497,1.61376953125,649,240889,0,0,0,0,39.78,20.0,21.45,32.17,31.34
2026-07-30T15:50:21,74.01,1.98681640625,643,240930,0,0,0,0,39.83,19.0,21.44,32.17,31.34
2026-07-30T15:50:59,74.01,1.29052734375,643,240970,0,0,0,0,39.83,19.0,21.44,32.17,31.34
2026-07-30T15:51:36,73.523,0.92919921875,647,241000,0,0,0,0,39.83,19.0,21.45,32.17,31.34
2026-07-30T15:52:13,74.984,1.7548828125,659,241041,0,0,0,0,39.83,19.0,21.44,32.17,31.34
2026-07-30T15:52:50,73.523,1.3271484375,657,241082,0,0,0,0,39.83,19.0,21.44,32.17,31.34
2026-07-30T15:53:28,73.523,1.30126953125,641,241112,0,0,0,0,39.83,20.0,21.45,32.17,31.34
2026-07-30T15:54:05,73.523,1.515625,663,241152,0,0,0,0,39.83,18.0,21.45,32.17,31.34
2026-07-30T15:54:42,74.984,1.9541015625,671,241193,0,0,0,0,39.78,19.0,21.45,32.63,31.34
2026-07-30T15:55:20,74.01,1.8095703125,673,241223,0,0,0,0,39.78,19.0,21.46,32.63,31.34
2026-07-30T15:55:57,72.549,1.67333984375,663,241264,0,0,0,0,39.78,18.0,21.46,32.7,31.34
2026-07-30T15:56:34,76.445,1.71826171875,662,241304,0,0,0,0,39.78,18.0,21.45,32.7,31.34
2026-07-30T15:57:11,73.036,1.68017578125,655,241335,0,0,0,0,39.72,18.0,21.45,32.7,31.58
2026-07-30T15:57:49,73.036,1.5712890625,650,241375,0,0,0,0,39.72,19.0,21.45,32.7,31.63
2026-07-30T15:58:26,74.497,1.458984375,668,241416,0,0,0,0,39.67,21.0,21.45,32.65,31.59
2026-07-30T15:59:03,75.958,1.8134765625,651,241446,0,0,0,0,39.61,21.0,21.45,32.65,31.59
2026-07-30T15:59:41,73.523,1.33837890625,654,241487,0,0,0,0,39.5,21.0,21.46,32.65,31.73
2026-07-30T16:00:18,72.062,1.140625,646,241527,0,0,0,0,39.39,23.0,21.46,32.71,31.73
2026-07-30T16:00:55,75.958,1.32373046875,654,241568,0,0,0,0,39.28,23.0,21.46,32.71,31.73
2026-07-30T16:01:33,74.01,1.705078125,666,241598,0,0,0,0,39.17,24.0,21.48,32.71,31.73
2026-07-30T16:02:10,73.523,1.15771484375,672,241639,0,0,0,0,39.0,24.0,21.48,32.71,31.73
2026-07-30T16:02:47,73.523,1.16064453125,659,241679,0,0,0,0,38.83,24.0,21.48,32.71,31.73
2026-07-30T16:03:24,74.01,2.43701171875,662,241710,0,0,0,0,38.61,25.0,21.48,32.71,31.66
2026-07-30T16:04:02,74.01,1.83154296875,664,241750,0,0,0,0,38.39,25.0,21.48,32.71,31.66
2026-07-30T16:04:39,73.036,1.54638671875,652,241791,0,0,0,0,38.28,25.0,21.48,32.71,31.66
2026-07-30T16:05:16,74.984,1.41015625,669,241821,0,0,0,0,38.06,25.0,21.49,32.71,31.66
2026-07-30T16:05:53,74.497,2.1279296875,658,241862,0,0,0,0,37.83,26.0,21.49,32.71,31.66
2026-07-30T16:06:31,73.036,1.27685546875,653,241902,0,0,0,0,37.67,26.0,21.49,32.71,31.66
2026-07-30T16:07:08,73.523,0.77294921875,650,241933,0,0,0,0,37.44,26.0,21.49,32.71,31.66
2026-07-30T16:07:45,74.984,2.54736328125,657,241973,0,0,0,0,37.33,27.0,21.49,32.71,31.66
2026-07-30T16:08:22,74.984,2.5341796875,667,242014,0,0,0,0,37.22,27.0,21.5,32.71,31.66
2026-07-30T16:09:00,73.523,2.67529296875,658,242044,0,0,0,0,37.06,28.0,21.5,32.7,31.66
2026-07-30T16:09:37,74.01,1.82568359375,652,242085,0,0,0,0,36.89,28.0,21.5,32.7,31.66
2026-07-30T16:10:14,75.471,2.3427734375,650,242125,0,0,0,0,36.78,28.0,21.5,32.7,31.66
2026-07-30T16:10:52,74.01,1.99267578125,655,242156,0,0,0,0,36.56,28.0,21.5,32.7,31.66
2026-07-30T16:11:29,72.549,1.28369140625,641,242196,0,0,0,0,36.44,28.0,21.49,32.7,31.66
2026-07-30T16:12:06,75.958,1.0712890625,649,242237,0,0,0,0,36.28,29.0,21.49,32.7,31.66
2026-07-30T16:12:44,75.471,1.53369140625,658,242267,0,0,0,0,36.17,29.0,21.5,32.7,31.66
2026-07-30T16:13:21,74.984,0.908203125,653,242308,0,0,0,0,36.06,29.0,21.5,32.7,31.66
2026-07-30T16:13:58,73.523,0.76708984375,648,242348,0,0,0,0,35.94,29.0,21.5,32.7,31.66
2026-07-30T16:14:35,75.471,1.3916015625,651,242378,0,0,0,0,35.89,29.0,21.51,32.7,31.56
2026-07-30T16:15:13,74.01,1.35205078125,679,242419,0,0,0,0,35.78,30.0,21.51,32.7,31.56
2026-07-30T16:15:50,72.062,0.87890625,641,242460,0,0,0,0,35.61,30.0,21.51,32.7,31.56
2026-07-30T16:16:27,73.036,0.81103515625,644,242490,0,0,0,0,35.5,30.0,21.51,32.7,31.56
2026-07-30T16:17:05,75.471,1.76611328125,651,242531,0,0,0,0,35.39,30.0,21.51,32.7,31.56
2026-07-30T16:17:42,73.036,1.08447265625,666,242571,0,0,0,0,35.33,30.0,21.51,32.7,31.56
2026-07-30T16:18:19,73.036,0.69140625,646,242612,0,0,0,0,35.22,31.0,21.51,32.7,31.56
2026-07-30T16:18:56,74.01,1.74755859375,658,242642,0,0,0,0,35.17,31.0,21.51,32.7,31.56
2026-07-30T16:19:34,74.984,1.626953125,646,242683,0,0,0,0,35.11,32.0,21.51,32.44,31.56
2026-07-30T16:20:11,73.523,1.068359375,651,242723,0,0,0,0,35.0,32.0,21.52,32.44,31.56
2026-07-30T16:20:48,73.036,0.6455078125,662,242753,0,0,0,0,35.0,31.0,21.52,32.44,31.56
2026-07-30T16:21:26,75.471,1.84912109375,656,242794,0,0,0,0,34.89,31.0,21.51,32.44,31.56
2026-07-30T16:22:03,73.523,1.5380859375,653,242835,0,0,0,0,34.83,31.0,21.51,32.44,31.49
2026-07-30T16:22:40,74.984,1.0458984375,645,242865,0,0,0,0,34.83,32.0,21.52,32.44,31.49
2026-07-30T16:23:17,74.01,0.88134765625,672,242905,0,0,0,0,34.78,31.0,21.52,32.44,31.49
2026-07-30T16:23:55,74.497,1.4658203125,680,242946,0,0,0,0,34.72,32.0,21.52,32.44,31.49
2026-07-30T16:24:32,73.036,1.091796875,663,242976,0,0,0,0,34.67,32.0,21.52,32.44,31.49
2026-07-30T16:25:09,73.036,0.7255859375,653,243017,0,0,0,0,34.61,32.0,21.53,32.44,31.44
2026-07-30T16:25:46,74.497,1.0166015625,654,243057,0,0,0,0,34.56,32.0,21.53,32.44,31.44
2026-07-30T16:26:24,73.523,1.27294921875,654,243088,0,0,0,0,34.5,32.0,21.53,32.44,31.44
2026-07-30T16:27:01,73.036,0.76416015625,650,243128,0,0,0,0,34.44,32.0,21.53,32.44,31.44
2026-07-30T16:27:38,74.01,0.53759765625,673,243169,0,0,0,0,34.44,32.0,21.53,32.44,31.44
2026-07-30T16:28:16,74.984,1.24609375,654,243199,0,0,0,0,34.39,32.0,21.54,32.33,31.44
2026-07-30T16:28:53,74.01,1.73046875,659,243240,0,0,0,0,34.33,32.0,21.54,32.33,31.44
2026-07-30T16:29:30,73.036,1.7509765625,652,243280,0,0,0,0,34.28,32.0,21.55,32.33,31.44
2026-07-30T16:30:08,74.984,1.7548828125,664,243310,0,0,0,0,34.22,32.0,21.55,32.33,31.44
2026-07-30T16:30:45,73.523,2.22705078125,658,243351,0,0,0,0,34.11,32.0,21.53,32.33,31.44
2026-07-30T16:31:22,73.036,1.37060546875,652,243391,0,0,0,0,34.06,32.0,21.53,32.33,31.44
2026-07-30T16:31:59,73.036,0.7587890625,649,243432,0,0,0,0,34.0,32.0,21.53,32.33,31.44
2026-07-30T16:32:37,73.523,1.50732421875,654,243462,0,0,0,0,33.89,32.0,21.54,32.33,31.44
2026-07-30T16:33:14,73.036,1.22119140625,661,243503,0,0,0,0,33.78,33.0,21.55,32.33,31.44
2026-07-30T16:33:51,73.036,0.81787109375,646,243543,0,0,0,0,33.72,33.0,21.55,32.33,31.38
2026-07-30T16:34:28,73.036,0.60009765625,665,243574,0,0,0,0,33.67,32.0,21.55,32.33,31.38
2026-07-30T16:35:06,74.984,2.13818359375,659,243614,0,0,0,0,33.56,33.0,21.55,32.33,31.36
2026-07-30T16:35:43,74.01,1.23681640625,672,243655,0,0,0,0,33.5,33.0,21.55,32.33,31.34
2026-07-30T16:36:20,72.062,0.8583984375,650,243685,0,0,0,0,33.44,33.0,21.55,32.33,31.34
2026-07-30T16:36:57,74.984,0.82666015625,648,243726,0,0,0,0,33.39,32.0,21.55,32.33,31.34
2026-07-30T16:37:35,72.549,1.19091796875,648,243766,0,0,0,0,33.33,33.0,21.56,32.33,31.34
2026-07-30T16:38:12,72.549,0.90869140625,655,243797,0,0,0,0,33.28,33.0,21.56,32.33,31.34
2026-07-30T16:38:49,73.036,0.53271484375,654,243837,0,0,0,0,33.22,33.0,21.56,32.33,31.34
2026-07-30T16:39:27,74.01,1.27392578125,653,243878,0,0,0,0,33.22,33.0,21.58,32.33,31.34
2026-07-30T16:40:04,73.036,1.25439453125,675,243908,0,0,0,0,33.17,33.0,21.58,32.33,31.34
2026-07-30T16:40:41,73.523,0.9755859375,653,243949,0,0,0,0,33.17,33.0,21.57,32.33,31.34
2026-07-30T16:41:19,74.497,0.8818359375,664,243989,0,0,0,0,33.11,33.0,21.58,32.16,31.34
2026-07-30T16:41:56,74.497,1.52490234375,657,244020,0,0,0,0,33.06,33.0,21.58,32.16,31.34
2026-07-30T16:42:33,74.01,0.8251953125,669,244060,0,0,0,0,33.06,33.0,21.6,32.16,31.34
2026-07-30T16:43:10,73.523,0.72314453125,669,244101,0,0,0,0,33.0,33.0,21.67,32.16,31.34
2026-07-30T16:43:48,75.471,1.45654296875,660,244131,0,0,0,0,32.94,33.0,21.67,32.16,31.34
2026-07-30T16:44:25,74.01,1.26513671875,654,244172,0,0,0,0,32.89,33.0,21.69,32.16,31.34
2026-07-30T16:45:02,73.523,0.76806640625,646,244212,0,0,0,0,32.89,33.0,21.69,32.16,31.34
2026-07-30T16:45:40,73.036,0.74560546875,651,244242,0,0,0,0,32.89,33.0,21.71,32.16,31.34
2026-07-30T16:46:17,74.984,2.19384765625,659,244283,0,0,0,0,32.78,34.0,21.71,32.16,31.34
2026-07-30T16:46:54,74.01,1.341796875,683,244324,0,0,0,0,32.72,33.0,21.71,32.09,31.25
2026-07-30T16:47:32,73.036,0.7666015625,648,244364,0,0,0,0,32.67,33.0,21.72,32.09,31.25
2026-07-30T16:48:09,72.549,0.75146484375,669,244395,0,0,0,0,32.61,33.0,21.72,32.09,31.25
2026-07-30T16:48:46,72.549,1.25341796875,670,244435,0,0,0,0,32.56,33.0,21.7,32.09,31.25
2026-07-30T16:49:23,73.036,1.326171875,663,244476,0,0,0,0,32.5,33.0,21.69,32.09,31.25
2026-07-30T16:50:01,72.062,1.5380859375,676,244506,0,0,0,0,32.44,33.0,21.69,32.09,31.25
2026-07-30T16:50:38,74.01,2.5390625,665,244547,0,0,0,0,32.39,33.0,21.69,32.09,31.25
2026-07-30T16:51:15,72.549,2.1923828125,660,244587,0,0,0,0,32.33,34.0,21.69,32.09,31.25
2026-07-30T16:51:53,72.549,1.52001953125,656,244617,0,0,0,0,32.28,33.0,21.69,32.09,31.25
2026-07-30T16:52:30,74.01,0.9833984375,688,244658,0,0,0,0,32.22,33.0,21.69,31.97,31.21
2026-07-30T16:53:07,74.01,1.62939453125,688,244699,0,0,0,0,32.17,34.0,21.69,31.97,31.21
2026-07-30T16:53:44,74.497,1.12744140625,684,244729,0,0,0,0,32.11,34.0,21.68,31.97,31.21
2026-07-30T16:54:22,73.523,0.8271484375,650,244769,0,0,0,0,32.06,34.0,21.67,31.97,31.21
2026-07-30T16:54:59,74.984,0.96923828125,663,244810,0,0,0,0,32.0,33.0,21.67,31.97,31.21
2026-07-30T16:55:36,74.01,1.51171875,667,244840,0,0,0,0,31.89,33.0,21.68,31.97,31.21
2026-07-30T16:56:14,72.549,0.98095703125,673,244881,0,0,0,0,31.83,34.0,21.67,31.97,31.21
2026-07-30T16:56:51,74.497,0.734375,657,244921,0,0,0,0,31.78,34.0,21.67,31.97,31.21
2026-07-30T16:57:28,74.497,1.7705078125,671,244952,0,0,0,0,31.67,34.0,21.68,31.97,31.21
2026-07-30T16:58:05,74.01,1.20458984375,664,244992,0,0,0,0,31.61,34.0,21.68,31.97,31.21
2026-07-30T16:58:43,73.036,0.7470703125,661,245033,0,0,0,0,31.56,35.0,21.67,31.97,31.21
2026-07-30T16:59:20,74.01,1.025390625,673,245063,0,0,0,0,31.56,35.0,21.67,31.97,31.21
2026-07-30T16:59:57,75.471,1.8291015625,681,245104,0,0,0,0,31.44,35.0,21.67,31.97,31.21
2026-07-30T17:00:35,73.036,1.103515625,665,245144,0,0,0,0,31.44,35.0,21.67,31.83,31.21
2026-07-30T17:01:12,72.549,0.720703125,656,245175,0,0,0,0,31.39,35.0,21.67,31.83,31.21
2026-07-30T17:01:49,74.497,1.42138671875,663,245215,0,0,0,0,31.33,36.0,21.67,31.83,31.21
2026-07-30T17:02:26,72.549,1.46044921875,672,245256,0,0,0,0,31.28,36.0,21.67,31.83,31.21
2026-07-30T17:03:04,73.036,0.828125,660,245296,0,0,0,0,31.28,36.0,21.67,31.83,31.21
2026-07-30T17:03:41,72.062,0.5009765625,650,245327,0,0,0,0,31.17,36.0,21.67,31.83,31.21
2026-07-30T17:04:18,74.497,1.3544921875,657,245367,0,0,0,0,31.11,36.0,21.68,31.83,31.1
2026-07-30T17:04:56,72.549,1.0380859375,664,245408,0,0,0,0,31.06,37.0,21.68,31.83,31.1
2026-07-30T17:05:33,73.523,0.80517578125,654,245438,0,0,0,0,31.06,37.0,21.67,31.83,31.1
2026-07-30T17:06:10,74.497,0.7998046875,659,245478,0,0,0,0,31.0,37.0,21.67,31.83,31.1
2026-07-30T17:06:47,73.036,1.66552734375,653,245519,0,0,0,0,30.94,37.0,21.67,31.83,31.1
2026-07-30T17:07:25,72.549,1.0703125,658,245549,0,0,0,0,30.83,37.0,21.68,31.83,31.1
2026-07-30T17:08:02,72.062,0.84912109375,659,245590,0,0,0,0,30.83,38.0,21.68,31.83,31.1
2026-07-30T17:08:39,74.01,1.4208984375,653,245630,0,0,0,0,30.78,38.0,21.68,31.83,31.1
2026-07-30T17:09:17,72.549,1.16552734375,667,245661,0,0,0,0,30.72,38.0,21.68,31.83,31.1
2026-07-30T17:09:54,72.549,0.9873046875,642,245701,0,0,0,0,30.72,38.0,21.68,31.83,31.1
2026-07-30T17:10:31,73.036,1.60693359375,656,245742,0,0,0,0,30.67,38.0,21.68,31.83,31.1
2026-07-30T17:11:08,75.471,2.17236328125,653,245772,0,0,0,0,30.67,38.0,21.68,31.83,31.1
2026-07-30T17:11:46,72.062,1.587890625,674,245813,0,0,0,0,30.67,38.0,21.68,31.83,31.1
2026-07-30T17:12:23,72.062,1.14306640625,653,245853,0,0,0,0,30.61,38.0,21.69,31.68,31.1
2026-07-30T17:13:00,73.523,1.4111328125,654,245883,0,0,0,0,30.56,38.0,21.69,31.65,31.1
2026-07-30T17:13:37,73.036,1.482421875,662,245924,0,0,0,0,30.5,37.0,21.68,31.68,31.1
2026-07-30T17:14:15,72.549,0.9853515625,661,245964,0,0,0,0,30.5,38.0,21.68,31.65,31.1
2026-07-30T17:14:52,71.575,0.73486328125,677,245995,0,0,0,0,30.44,37.0,21.68,31.65,31.1
2026-07-30T17:15:29,73.036,1.212890625,660,246035,0,0,0,0,30.44,37.0,21.68,31.65,31.1
2026-07-30T17:16:07,72.549,1.45654296875,669,246076,0,0,0,0,30.39,38.0,21.68,31.65,31.1
2026-07-30T17:16:44,72.549,0.875,652,246116,0,0,0,0,30.39,38.0,21.69,31.65,31.01
2026-07-30T17:17:21,73.036,0.75244140625,652,246147,0,0,0,0,30.33,38.0,21.68,31.65,31.01
2026-07-30T17:17:59,74.01,1.544921875,656,246187,0,0,0,0,30.33,38.0,21.68,31.68,31.01
2026-07-30T17:18:36,72.062,0.9453125,654,246228,0,0,0,0,30.28,38.0,21.69,31.68,31.01
2026-07-30T17:19:13,72.549,0.80810546875,653,246258,0,0,0,0,30.28,38.0,21.68,31.68,31.04
2026-07-30T17:19:50,74.497,1.10546875,656,246299,0,0,0,0,30.22,38.0,21.68,31.68,31.04
2026-07-30T17:20:28,72.549,1.5146484375,677,246339,0,0,0,0,30.22,38.0,21.69,31.68,31.04
2026-07-30T17:21:05,73.523,1.11669921875,666,246370,0,0,0,0,30.17,38.0,21.69,31.61,31.04
2026-07-30T17:21:42,73.523,0.65185546875,679,246410,0,0,0,0,30.17,38.0,21.69,31.61,31.04
2026-07-30T17:22:20,74.984,1.33935546875,664,246451,0,0,0,0,30.11,38.0,21.69,31.61,30.94
2026-07-30T17:22:57,72.549,0.94384765625,657,246481,0,0,0,0,30.06,38.0,21.69,31.61,30.94
2026-07-30T17:23:34,72.549,0.73291015625,655,246522,0,0,0,0,30.06,38.0,21.69,31.61,30.94
2026-07-30T17:24:11,73.036,1.15185546875,660,246562,0,0,0,0,30.0,38.0,21.69,31.61,30.94
2026-07-30T17:24:49,73.523,1.43310546875,663,246592,0,0,0,0,30.0,38.0,21.69,31.61,30.94
2026-07-30T17:25:26,74.01,0.9404296875,663,246633,0,0,0,0,30.0,39.0,21.7,31.59,30.94
2026-07-30T17:26:03,74.497,0.666015625,656,246674,0,0,0,0,29.94,39.0,21.7,31.59,30.94
2026-07-30T17:26:40,74.497,1.26611328125,656,246704,0,0,0,0,29.94,39.0,21.71,31.59,30.94
2026-07-30T17:27:18,73.036,1.09619140625,666,246744,0,0,0,0,29.89,39.0,21.7,31.59,31.01
2026-07-30T17:27:55,72.062,0.7529296875,663,246785,0,0,0,0,29.89,39.0,21.7,31.53,31.01
2026-07-30T17:28:32,73.036,0.609375,673,246815,0,0,0,0,29.89,39.0,21.71,31.53,31.01
2026-07-30T17:29:09,74.497,1.49755859375,668,246856,0,0,0,0,29.83,39.0,21.71,31.53,31.01
2026-07-30T17:29:47,72.549,0.97802734375,681,246896,0,0,0,0,29.83,39.0,21.71,31.53,31.01
2026-07-30T17:30:24,72.062,0.64990234375,667,246927,0,0,0,0,29.78,39.0,21.7,31.53,31.01
2026-07-30T17:31:01,74.984,1.3349609375,660,246967,0,0,0,0,29.78,39.0,21.7,31.53,31.01
2026-07-30T17:31:39,73.036,2.40673828125,657,247008,0,0,0,0,29.78,39.0,21.7,31.53,31.01
2026-07-30T17:32:16,72.549,1.8984375,654,247048,0,0,0,0,29.72,38.0,21.7,31.53,31.01
2026-07-30T17:32:53,72.549,1.3271484375,659,247079,0,0,0,0,29.72,38.0,21.7,31.53,31.01
2026-07-30T17:33:30,74.497,1.79052734375,669,247119,0,0,0,0,29.72,39.0,21.71,31.53,31.01
2026-07-30T17:34:08,72.549,1.38037109375,678,247160,0,0,0,0,29.67,39.0,21.71,31.53,31.01
2026-07-30T17:34:45,71.575,0.96142578125,663,247190,0,0,0,0,29.67,39.0,21.7,31.53,31.01
2026-07-30T17:35:22,73.036,0.7197265625,656,247231,0,0,0,0,29.61,39.0,21.7,31.53,30.96
2026-07-30T17:36:00,73.523,1.36572265625,672,247271,0,0,0,0,29.61,39.0,21.7,31.53,30.96
2026-07-30T17:36:37,72.062,1.0478515625,674,247302,0,0,0,0,29.56,39.0,21.7,31.53,30.96
2026-07-30T17:37:14,72.549,0.8408203125,668,247342,0,0,0,0,29.56,39.0,21.7,31.53,30.96
2026-07-30T17:37:51,73.523,1.55810546875,656,247383,0,0,0,0,29.56,39.0,21.7,31.53,30.96
2026-07-30T17:38:29,72.549,1.115234375,657,247413,0,0,0,0,29.56,39.0,21.7,31.53,30.96
2026-07-30T17:39:06,73.523,0.7626953125,651,247454,0,0,0,0,29.56,39.0,21.7,31.53,30.96
2026-07-30T17:39:43,74.497,0.86376953125,670,247494,0,0,0,0,29.5,39.0,21.71,31.53,30.96
2026-07-30T17:40:21,74.984,1.27685546875,656,247525,0,0,0,0,29.5,39.0,21.71,31.53,30.9
2026-07-30T17:40:58,73.523,1.1943359375,684,247565,0,0,0,0,29.44,39.0,21.71,31.53,30.9
2026-07-30T17:41:35,73.036,0.73388671875,652,247606,0,0,0,0,29.44,39.0,21.71,31.47,30.9
2026-07-30T17:42:13,73.523,0.72998046875,657,247636,0,0,0,0,29.44,39.0,21.71,31.47,30.9
2026-07-30T17:42:50,73.036,1.271484375,667,247677,0,0,0,0,29.44,39.0,21.71,31.47,30.9
2026-07-30T17:43:27,72.549,0.79296875,665,247717,0,0,0,0,29.39,40.0,21.7,31.47,30.9
2026-07-30T17:44:04,71.088,0.61279296875,673,247747,0,0,0,0,29.39,39.0,21.7,31.47,30.94
2026-07-30T17:44:42,73.036,1.13427734375,658,247788,0,0,0,0,29.33,39.0,21.7,31.47,30.94
2026-07-30T17:45:19,72.549,1.30859375,666,247828,0,0,0,0,29.33,40.0,21.7,31.38,30.94
2026-07-30T17:45:56,73.036,0.837890625,652,247869,0,0,0,0,29.28,39.0,21.7,31.38,30.94
2026-07-30T17:46:34,72.062,0.64501953125,679,247899,0,0,0,0,29.28,39.0,21.7,31.38,30.94
2026-07-30T17:47:11,73.523,1.96533203125,679,247940,0,0,0,0,29.28,39.0,21.71,31.38,30.94
2026-07-30T17:47:48,72.549,1.2998046875,660,247980,0,0,0,0,29.22,40.0,21.71,31.38,30.94
2026-07-30T17:48:25,71.575,1.04736328125,658,248011,0,0,0,0,29.22,40.0,21.7,31.38,30.94
2026-07-30T17:49:03,74.497,1.34228515625,664,248051,0,0,0,0,29.22,40.0,21.7,31.38,30.94
2026-07-30T17:49:40,73.036,1.49169921875,679,248092,0,0,0,0,29.17,40.0,21.7,31.31,30.94
2026-07-30T17:50:17,72.549,1.15673828125,659,248122,0,0,0,0,29.17,40.0,21.7,31.31,30.84
2026-07-30T17:50:54,70.601,0.689453125,658,248163,0,0,0,0,29.17,40.0,21.7,31.31,30.84
2026-07-30T17:51:32,73.036,1.58935546875,665,248203,0,0,0,0,29.17,40.0,21.71,31.31,30.84
2026-07-30T17:52:09,73.036,1.89111328125,669,248234,0,0,0,0,29.11,40.0,21.71,31.3,30.81
2026-07-30T17:52:46,73.036,2.40576171875,659,248274,0,0,0,0,29.11,40.0,21.71,31.31,30.81
2026-07-30T17:53:24,74.01,3.19140625,670,248315,0,0,0,0,29.06,40.0,21.72,31.31,30.81
2026-07-30T17:54:01,74.497,3.06494140625,687,248345,0,0,0,0,29.06,40.0,21.72,31.31,30.81
2026-07-30T17:54:38,72.549,1.81591796875,653,248386,0,0,0,0,29.06,40.0,21.71,31.31,30.81
2026-07-30T17:55:15,73.036,1.0654296875,658,248426,0,0,0,0,29.06,40.0,21.72,31.3,30.81
2026-07-30T17:55:53,73.523,1.19287109375,662,248457,0,0,0,0,29.06,41.0,21.72,31.3,30.81
2026-07-30T17:56:30,72.062,1.47314453125,675,248497,0,0,0,0,29.0,41.0,21.72,31.3,30.79
2026-07-30T17:57:07,72.062,0.9453125,658,248538,0,0,0,0,29.0,40.0,21.72,31.3,30.79
2026-07-30T17:57:45,71.088,0.74365234375,656,248568,0,0,0,0,29.0,40.0,21.72,31.3,30.79
2026-07-30T17:58:22,74.497,1.611328125,673,248609,0,0,0,0,29.0,40.0,21.72,31.3,30.79
2026-07-30T17:58:59,73.523,1.16064453125,675,248649,0,0,0,0,29.0,41.0,21.72,31.3,30.79
2026-07-30T17:59:36,72.062,0.75439453125,666,248680,0,0,0,0,28.94,41.0,21.72,31.3,30.79
2026-07-30T18:00:14,74.01,0.94189453125,665,248720,0,0,0,0,28.94,41.0,21.72,31.3,30.79
2026-07-30T18:00:51,71.575,1.67626953125,656,248761,0,0,0,0,28.94,41.0,21.72,31.3,30.79
2026-07-30T18:01:28,72.062,1.283203125,663,248791,0,0,0,0,28.94,41.0,21.72,31.3,30.79
2026-07-30T18:02:05,71.575,0.81103515625,667,248832,0,0,0,0,28.94,41.0,21.72,31.3,30.79
2026-07-30T18:02:43,74.01,1.44970703125,670,248872,0,0,0,0,28.94,41.0,21.72,31.3,30.79
2026-07-30T18:03:20,72.549,1.23388671875,680,248903,0,0,0,0,28.94,41.0,21.72,31.3,30.79
2026-07-30T18:03:57,70.601,0.79052734375,662,248943,0,0,0,0,28.94,41.0,21.72,31.3,30.79
2026-07-30T18:04:35,74.497,0.880859375,669,248984,0,0,0,0,28.89,42.0,21.73,31.3,30.79
2026-07-30T18:05:12,73.036,1.4931640625,670,249024,0,0,0,0,28.89,42.0,21.73,31.3,30.79
2026-07-30T18:05:49,73.036,1.1171875,686,249055,0,0,0,0,28.89,42.0,21.73,31.3,30.79
